,circuity_avg,clean_intersection_count,clean_intersection_density_km,edge_density_km,edge_length_avg,edge_length_total,intersection_count,intersection_density_km,k_avg,m,n,node_density_km,self_loop_proportion,street_density_km,street_length_avg,street_length_total,street_segments_count,streets_per_node_avg,streets_per_node_counts,streets_per_node_proportion
0,1.0336353569894994,15,203.84131073111533,37087.45883008917,68.22855,2729.142,18,244.6095728773384,4.444444444444445,40,18,244.6095728773384,0.0,18543.729415044585,68.22855000000001,1364.5710000000001,20,3.2222222222222223,"{0: 0, 1: 0, 2: 0, 3: 14, 4: 4}","{0: 0.0, 1: 0.0, 2: 0.0, 3: 0.7777777777777778, 4: 0.2222222222222222}"
1,1.04094469079398,23,151.67654399671846,41910.66252562962,78.46011111111113,6355.269000000001,32,211.02823512586917,4.378378378378378,81,37,244.00139686428622,0.0,22345.509437552035,77.00997727272728,3388.4390000000003,44,2.810810810810811,"{0: 0, 1: 5, 2: 0, 3: 30, 4: 1, 5: 1}","{0: 0.0, 1: 0.13513513513513514, 2: 0.0, 3: 0.8108108108108109, 4: 0.02702702702702703, 5: 0.02702702702702703}"
2,1.0375651767902476,50,154.3067537682827,46845.21584274407,74.04512195121946,15179.249999999989,63,194.4265097480362,4.555555555555555,205,90,277.7521567829089,0.0,24143.868549835763,75.224375,7823.335,104,2.533333333333333,"{0: 0, 1: 27, 2: 0, 3: 52, 4: 10, 5: 1}","{0: 0.0, 1: 0.3, 2: 0.0, 3: 0.5777777777777777, 4: 0.1111111111111111, 5: 0.011111111111111112}"
3,1.0498239112984153,41,101.59183591331208,38393.71052084173,94.4803048780488,15494.770000000002,53,131.32603179037903,4.895522388059701,164,67,166.01592698029046,0.012195121951219513,19719.902066545375,95.88522891566264,7958.473999999999,83,2.6865671641791047,"{0: 0, 1: 14, 2: 0, 3: 46, 4: 7}","{0: 0.0, 1: 0.208955223880597, 2: 0.0, 3: 0.6865671641791045, 4: 0.1044776119402985}"
4,1.044837078425512,50,164.15570302047314,37442.11342935078,66.69269590643279,11404.451000000006,59,193.70372956415832,4.885714285714286,171,70,229.81798422866243,0.0,20109.848434926218,67.31028571428571,6125.236,91,2.8285714285714287,"{0: 0, 1: 11, 2: 0, 3: 49, 4: 10}","{0: 0.0, 1: 0.15714285714285714, 2: 0.0, 3: 0.7, 4: 0.14285714285714285}"
5,1.039993147133233,28,136.5673366608502,41240.57506041426,88.07743750000002,8455.434000000001,32,156.0769561838288,4.923076923076923,96,39,190.21879034904134,0.0,20620.287530207122,88.07743749999997,4227.716999999999,48,2.6923076923076925,"{0: 0, 1: 7, 2: 0, 3: 30, 4: 2}","{0: 0.0, 1: 0.1794871794871795, 2: 0.0, 3: 0.7692307692307693, 4: 0.05128205128205128}"
6,1.08136219040032,18,57.61550856203404,24106.335184078216,110.7529705882353,7531.202,21,67.21809332237305,4.0,68,34,108.82929395050874,0.0,13381.275483348902,116.12563888888889,4180.523,36,2.2941176470588234,"{0: 0, 1: 13, 2: 0, 3: 19, 4: 2}","{0: 0.0, 1: 0.38235294117647056, 2: 0.0, 3: 0.5588235294117647, 4: 0.058823529411764705}"
7,1.04690674156912,49,71.85484237602262,28289.6268483309,70.66504029304032,19291.556000000008,86,126.11258049669277,4.333333333333333,273,126,184.76959468120103,0.0,14882.701065502306,71.4715915492958,10148.966000000002,142,2.5396825396825395,"{0: 0, 1: 40, 2: 0, 3: 65, 4: 20, 5: 1}","{0: 0.0, 1: 0.31746031746031744, 2: 0.0, 3: 0.5158730158730159, 4: 0.15873015873015872, 5: 0.007936507936507936}"
8,1.0072297965128354,27,133.24987008306073,37466.97638683821,102.59209459459457,7591.814999999999,28,138.18505045650744,4.0,74,37,182.60167381752768,0.0,21358.399592497004,103.04250000000002,4327.785000000001,42,2.6216216216216215,"{0: 0, 1: 9, 2: 0, 3: 24, 4: 4}","{0: 0.0, 1: 0.24324324324324326, 2: 0.0, 3: 0.6486486486486487, 4: 0.10810810810810811}"
9,1.0420975180051735,29,190.01853871442677,53143.71656658368,53.0105751633987,8110.618,55,360.37998721701626,4.935483870967742,153,62,406.2465310446365,0.0,27097.718208275513,53.0200512820513,4135.564000000001,78,2.8870967741935485,"{0: 0, 1: 7, 2: 0, 3: 48, 4: 7}","{0: 0.0, 1: 0.11290322580645161, 2: 0.0, 3: 0.7741935483870968, 4: 0.11290322580645161}"
10,1.0088697930465975,19,154.69696314880974,35962.378597367526,72.40863934426233,4416.9270000000015,26,211.6905811510028,4.357142857142857,61,28,227.97447200877224,0.0,21079.30130869225,73.97074285714285,2588.9759999999997,35,3.2142857142857144,"{0: 0, 1: 2, 2: 0, 3: 16, 4: 10}","{0: 0.0, 1: 0.07142857142857142, 2: 0.0, 3: 0.5714285714285714, 4: 0.35714285714285715}"
11,1.0569809822639598,32,64.65217854324275,23765.494310710626,84.0205714285715,11762.88000000001,58,117.1820736096275,3.7333333333333334,140,75,151.52854346072522,0.014285714285714285,15636.527395657424,84.12388043478263,7739.397000000003,92,2.72,"{0: 0, 1: 17, 2: 0, 3: 46, 4: 11, 5: 1}","{0: 0.0, 1: 0.22666666666666666, 2: 0.0, 3: 0.6133333333333333, 4: 0.14666666666666667, 5: 0.013333333333333334}"
12,1.10032918730574,71,96.73393521384138,28968.324362628842,70.17141584158418,21261.939000000006,104,141.69477834140145,4.625954198473282,303,131,178.48092271849606,0.006600660066006601,16601.93165718011,70.84507558139535,12185.353000000001,172,2.816793893129771,"{0: 0, 1: 27, 2: 0, 3: 75, 4: 28, 5: 1}","{0: 0.0, 1: 0.20610687022900764, 2: 0.0, 3: 0.5725190839694656, 4: 0.21374045801526717, 5: 0.007633587786259542}"
13,1.1155043486759975,75,92.04738392831756,40062.75370019746,91.69393539325839,32643.040999999987,124,152.18500809481836,4.71523178807947,356,151,185.32206630901268,0.0056179775280898875,23302.877718688593,91.28428846153848,18987.132000000005,208,2.8543046357615895,"{0: 0, 1: 27, 2: 0, 3: 94, 4: 28, 5: 2}","{0: 0.0, 1: 0.17880794701986755, 2: 0.0, 3: 0.6225165562913907, 4: 0.18543046357615894, 5: 0.013245033112582781}"
14,1.0448804564365723,7,67.75218496294069,24219.373558702402,89.36749999999998,2502.2899999999995,9,87.10995209520947,4.0,28,14,135.50436992588138,0.0,12109.686779351201,89.36749999999998,1251.1449999999998,14,2.2857142857142856,"{0: 0, 1: 5, 2: 0, 3: 9}","{0: 0.0, 1: 0.35714285714285715, 2: 0.0, 3: 0.6428571428571429}"
15,1.1133452143435871,214,47.8480987262794,19142.30132165175,103.5232091898428,85613.694,265,59.251150291888045,4.9226190476190474,827,336,75.12598678518634,0.0024183796856106408,10591.132829569635,106.44652584269645,47368.70399999992,445,2.7172619047619047,"{0: 0, 1: 71, 2: 0, 3: 221, 4: 42, 5: 1, 6: 1}","{0: 0.0, 1: 0.2113095238095238, 2: 0.0, 3: 0.6577380952380952, 4: 0.125, 5: 0.002976190476190476, 6: 0.002976190476190476}"
16,1.0389388336724827,54,126.55255380646093,40418.1952722323,82.12596190476184,17246.451999999987,65,152.3317777299993,4.883720930232558,210,86,201.5466597658452,0.0,20209.09763611616,82.12596190476188,8623.225999999997,105,2.627906976744186,"{0: 0, 1: 21, 2: 0, 3: 55, 4: 10}","{0: 0.0, 1: 0.2441860465116279, 2: 0.0, 3: 0.6395348837209303, 4: 0.11627906976744186}"
17,1.1099873729731324,21,60.56553415400575,27481.143902545224,119.10735000000007,9528.588000000005,26,74.98589942876903,4.848484848484849,80,33,95.17441081343762,0.0,13740.57195127261,119.10735000000004,4764.294000000002,40,2.6363636363636362,"{0: 0, 1: 7, 2: 0, 3: 24, 4: 2}","{0: 0.0, 1: 0.21212121212121213, 2: 0.0, 3: 0.7272727272727273, 4: 0.06060606060606061}"
18,1.0452600446102596,69,93.27998161309337,31140.11995803946,90.33181568627457,23034.613000000016,97,131.13272777492836,4.285714285714286,255,119,160.8741711877987,0.0,18736.280645344134,89.99601948051948,13859.387,154,2.857142857142857,"{0: 0, 1: 22, 2: 0, 3: 72, 4: 23, 5: 2}","{0: 0.0, 1: 0.18487394957983194, 2: 0.0, 3: 0.6050420168067226, 4: 0.19327731092436976, 5: 0.01680672268907563}"
19,1.1224465750006496,9,160.84445921144183,40246.94737405145,77.6553448275862,2252.005,11,196.58767236954,3.8666666666666667,29,15,268.0740986857364,0.0,23032.94443068505,75.81182352941177,1288.8010000000002,17,2.6,"{0: 0, 1: 4, 2: 0, 3: 9, 4: 2}","{0: 0.0, 1: 0.26666666666666666, 2: 0.0, 3: 0.6, 4: 0.13333333333333333}"
20,1.0303908424081398,48,96.15728573509148,34392.36203825404,86.70733838383835,17168.052999999993,64,128.20971431345532,4.125,198,96,192.31457147018295,0.0,18542.5422799228,83.38834234234233,9256.105999999998,111,2.5520833333333335,"{0: 0, 1: 32, 2: 0, 3: 43, 4: 21}","{0: 0.0, 1: 0.3333333333333333, 2: 0.0, 3: 0.4479166666666667, 4: 0.21875}"
21,1.0147778105799101,33,118.42885357037974,31802.087634593045,100.69997727272731,8861.598000000004,36,129.1951129858688,4.756756756756757,88,37,132.78386612436518,0.0,18247.223480366767,97.7799615384616,5084.558000000004,52,3.3783783783783785,"{0: 0, 1: 1, 2: 2, 3: 16, 4: 18}","{0: 0.0, 1: 0.02702702702702703, 2: 0.05405405405405406, 3: 0.43243243243243246, 4: 0.4864864864864865}"
22,1.0658100235929961,61,87.03979198096457,27408.419552837026,73.87927692307687,19208.611999999986,87,124.13871971055602,5.048543689320389,260,103,146.9688290826123,0.0,13937.522079146253,74.56349618320611,9767.818000000001,131,2.796116504854369,"{0: 0, 1: 16, 2: 0, 3: 77, 4: 9, 5: 1}","{0: 0.0, 1: 0.1553398058252427, 2: 0.0, 3: 0.7475728155339806, 4: 0.08737864077669903, 5: 0.009708737864077669}"
23,1.0477437630435533,80,75.59425059939063,24815.79143875941,82.84572239747632,26262.093999999994,105,99.2174539117002,4.7669172932330826,317,133,125.67544162148694,0.0,13417.056286606397,81.60358045977014,14199.023000000005,174,2.8045112781954886,"{0: 0, 1: 28, 2: 0, 3: 75, 4: 30}","{0: 0.0, 1: 0.21052631578947367, 2: 0.0, 3: 0.5639097744360902, 4: 0.22556390977443608}"
24,1.0664555968030713,69,83.58845791336523,27920.83453995467,87.96904580152676,23047.89000000001,86,104.18271566013638,4.6371681415929205,262,113,136.89124266971407,0.007633587786259542,14209.656245790306,88.86124999999997,11729.684999999996,132,2.584070796460177,"{0: 0, 1: 27, 2: 0, 3: 79, 4: 7}","{0: 0.0, 1: 0.23893805309734514, 2: 0.0, 3: 0.6991150442477876, 4: 0.061946902654867256}"
25,1.0310452963674308,49,93.01328351209455,50910.04625239246,81.27194545454549,26819.74200000001,94,178.43364592116095,4.925373134328358,330,134,254.3628569514422,0.0,25455.02312619622,81.27194545454546,13409.871000000001,165,2.6343283582089554,"{0: 0, 1: 40, 2: 0, 3: 70, 4: 17, 5: 7}","{0: 0.0, 1: 0.29850746268656714, 2: 0.0, 3: 0.5223880597014925, 4: 0.12686567164179105, 5: 0.05223880597014925}"
26,1.1054008724948456,114,39.47088684804755,17467.034245074003,114.13658371040721,50448.36999999999,143,49.51172648483158,4.333333333333333,442,204,70.63211330703245,0.00904977375565611,9443.090448942095,115.07838818565398,27273.577999999994,237,2.446078431372549,"{0: 0, 1: 61, 2: 0, 3: 134, 4: 9}","{0: 0.0, 1: 0.29901960784313725, 2: 0.0, 3: 0.6568627450980392, 4: 0.04411764705882353}"
27,1.06786011700217,70,101.52746832289961,33099.809725150786,82.68579347826092,22821.279000000013,92,133.43610122438233,4.346456692913386,276,127,184.19983538583213,0.007246376811594203,19883.188709698425,87.3174140127389,13708.834000000006,157,2.543307086614173,"{0: 0, 1: 35, 2: 0, 3: 80, 4: 12}","{0: 0.0, 1: 0.2755905511811024, 2: 0.0, 3: 0.6299212598425197, 4: 0.09448818897637795}"
28,1.0961321484156406,122,40.78162872732009,17648.32203528715,103.92857480314959,52795.71599999999,166,55.48975712077979,4.618181818181818,508,220,73.54064196729851,0.0,10104.892022594091,109.1307581227437,30229.220000000005,277,2.6227272727272726,"{0: 0, 1: 54, 2: 0, 3: 142, 4: 23, 5: 1}","{0: 0.0, 1: 0.24545454545454545, 2: 0.0, 3: 0.6454545454545455, 4: 0.10454545454545454, 5: 0.004545454545454545}"
29,1.0809150159349434,525,40.93523562379266,20976.403570845734,112.32786931106463,269025.2469999998,751,58.556879911368156,4.733201581027668,2395,1012,78.90753990719651,0.008768267223382045,11817.223429590182,113.52622322097388,151557.50800000012,1335,2.6699604743083003,"{0: 0, 1: 261, 2: 0, 3: 603, 4: 119, 5: 19, 6: 9, 7: 1}","{0: 0.0, 1: 0.25790513833992096, 2: 0.0, 3: 0.5958498023715415, 4: 0.11758893280632411, 5: 0.018774703557312252, 6: 0.008893280632411068, 7: 0.0009881422924901185}"
30,1.2187462101646873,177,26.609927494448172,17431.596725191204,153.77842175066297,115948.92999999988,240,36.081257619590744,4.583586626139818,754,329,49.46139065352231,0.010610079575596816,9416.764589583032,153.89938329238325,62637.04899999998,407,2.5501519756838906,"{0: 0, 1: 89, 2: 0, 3: 211, 4: 28, 5: 1}","{0: 0.0, 1: 0.270516717325228, 2: 0.0, 3: 0.6413373860182371, 4: 0.0851063829787234, 5: 0.00303951367781155}"
31,1.0327291436417319,89,130.92253997862673,34391.94199628072,66.04333898305079,23379.34199999998,118,173.58269345480846,4.783783783783784,354,148,217.71388670603096,0.0,19073.400221433876,66.15270918367345,12965.930999999997,196,2.8378378378378377,"{0: 0, 1: 30, 2: 1, 3: 82, 4: 34, 5: 0, 6: 1}","{0: 0.0, 1: 0.20270270270270271, 2: 0.006756756756756757, 3: 0.5540540540540541, 4: 0.22972972972972974, 5: 0.0, 6: 0.006756756756756757}"
32,1.0783876380427797,46,67.84927896644052,25431.89803549248,108.44118238993707,17242.147999999994,54,79.64915356929974,4.47887323943662,159,71,104.72388710037558,0.0,13469.915280354857,107.43815294117643,9132.242999999997,85,2.6901408450704225,"{0: 0, 1: 17, 2: 0, 3: 43, 4: 10, 5: 1}","{0: 0.0, 1: 0.23943661971830985, 2: 0.0, 3: 0.6056338028169014, 4: 0.14084507042253522, 5: 0.014084507042253521}"
33,1.0250645327222585,119,88.9778357155621,28103.21424184945,86.00816475972532,37585.56799999996,152,113.65236158626419,4.802197802197802,437,182,136.08374874144792,0.0,16042.462268247487,89.02646058091293,21455.377000000015,241,2.8351648351648353,"{0: 0, 1: 30, 2: 0, 3: 125, 4: 24, 5: 3}","{0: 0.0, 1: 0.16483516483516483, 2: 0.0, 3: 0.6868131868131868, 4: 0.13186813186813187, 5: 0.016483516483516484}"
34,1.0598285569838592,78,69.09932927678595,24461.11206831852,84.44019266055045,27611.942999999996,107,94.79010554636021,5.069767441860465,327,129,114.27965995776138,0.0,12268.339635996697,84.44281707317076,13848.622000000005,164,2.7364341085271318,"{0: 0, 1: 22, 2: 0, 3: 97, 4: 10}","{0: 0.0, 1: 0.17054263565891473, 2: 0.0, 3: 0.751937984496124, 4: 0.07751937984496124}"
35,1.0943260569021052,110,43.04815753188941,22568.496336067306,113.74512228796858,57668.777000000075,160,62.61550186456641,4.851674641148326,507,209,81.79149931058987,0.0,11834.786162872892,113.26279400749065,30241.166000000005,267,2.650717703349282,"{0: 0, 1: 49, 2: 0, 3: 140, 4: 15, 5: 5}","{0: 0.0, 1: 0.23444976076555024, 2: 0.0, 3: 0.6698564593301436, 4: 0.07177033492822966, 5: 0.023923444976076555}"
36,1.063980630409767,115,30.560330336767603,18447.480323206863,123.5209252669039,69418.76,175,46.50485051247244,4.425196850393701,562,254,67.49846874381714,0.0035587188612099642,9855.056262926386,125.28734121621622,37085.053,296,2.4488188976377954,"{0: 0, 1: 79, 2: 0, 3: 159, 4: 14, 5: 2}","{0: 0.0, 1: 0.3110236220472441, 2: 0.0, 3: 0.6259842519685039, 4: 0.05511811023622047, 5: 0.007874015748031496}"
37,1.1559246061440178,233,28.95974737705479,12773.643924832486,114.06467480577167,102772.27200000027,288,35.79573924717502,4.596938775510204,901,392,48.721978419765996,0.006659267480577136,6955.931336133676,116.59373125000012,55964.99100000006,480,2.5535714285714284,"{0: 0, 1: 104, 2: 0, 3: 256, 4: 31, 5: 1}","{0: 0.0, 1: 0.2653061224489796, 2: 0.0, 3: 0.6530612244897959, 4: 0.07908163265306123, 5: 0.002551020408163265}"
38,1.1293261276345343,51,84.18524249152374,31578.191487102013,118.08818518518525,19130.28600000001,54,89.13731557926043,5.142857142857143,162,63,103.99353484247051,0.024691358024691357,16658.02280272791,121.58487951807223,10091.544999999995,83,2.873015873015873,"{0: 0, 1: 9, 2: 0, 3: 44, 4: 10}","{0: 0.0, 1: 0.14285714285714285, 2: 0.0, 3: 0.6984126984126984, 4: 0.15873015873015872}"
39,1.0353187862315183,35,169.75046275688933,35535.86257434695,79.64089130434782,7326.9619999999995,42,203.7005553082672,4.181818181818182,92,44,213.40058175151802,0.0,21492.154589781963,77.74315789473681,4431.359999999998,57,3.1136363636363638,"{0: 0, 1: 2, 2: 0, 3: 33, 4: 9}","{0: 0.0, 1: 0.045454545454545456, 2: 0.0, 3: 0.75, 4: 0.20454545454545456}"
40,1.0155291563904247,30,96.99743511760178,31623.653449172893,78.87717741935491,9780.770000000008,46,148.7294005136561,4.275862068965517,124,58,187.5283745606968,0.0,16368.650200622538,76.70610606060606,5062.603,66,2.689655172413793,"{0: 0, 1: 12, 2: 0, 3: 40, 4: 6}","{0: 0.0, 1: 0.20689655172413793, 2: 0.0, 3: 0.6896551724137931, 4: 0.10344827586206896}"
41,1.1496803337819137,39,88.61260834938962,35327.57937497516,81.404722513089,15548.301999999998,60,136.32708976829173,4.340909090909091,191,88,199.94639832682788,0.0,19316.75792304629,82.5403106796117,8501.652000000004,103,2.4318181818181817,"{0: 0, 1: 28, 2: 0, 3: 54, 4: 6}","{0: 0.0, 1: 0.3181818181818182, 2: 0.0, 3: 0.6136363636363636, 4: 0.06818181818181818}"
42,1.0622040324929014,22,65.37738922742071,24522.52082159414,88.7313870967742,8252.019,30,89.15098531011914,4.2272727272727275,93,44,130.75477845484141,0.0,13855.715382120265,93.25112000000001,4662.5560000000005,50,2.5,"{0: 0, 1: 14, 2: 0, 3: 25, 4: 4, 5: 1}","{0: 0.0, 1: 0.3181818181818182, 2: 0.0, 3: 0.5681818181818182, 4: 0.09090909090909091, 5: 0.022727272727272728}"
43,1.0343313880705163,11,91.85896491969967,23298.47320029318,82.05776470588236,2789.9640000000004,14,116.91140989779957,4.0,34,17,141.96385487589947,0.0,11649.236600146587,82.05776470588233,1394.9819999999997,17,2.7058823529411766,"{0: 0, 1: 3, 2: 0, 3: 13, 4: 1}","{0: 0.0, 1: 0.17647058823529413, 2: 0.0, 3: 0.7647058823529411, 4: 0.058823529411764705}"
44,1.2045840628300974,38,59.20704014972939,25951.77006562974,124.30037313432835,16656.25,44,68.55552017337087,4.872727272727273,134,55,85.69440021671359,0.029850746268656716,13774.1049996335,124.51316901408453,8840.435000000001,71,2.672727272727273,"{0: 0, 1: 11, 2: 0, 3: 40, 4: 4}","{0: 0.0, 1: 0.2, 2: 0.0, 3: 0.7272727272727273, 4: 0.07272727272727272}"
45,1.04164938561358,49,76.99914606972865,25905.424562707067,72.62314096916299,16485.452999999998,77,120.9986581095736,4.053571428571429,227,112,175.99804815937978,0.0,15230.003668761085,75.13122480620156,9691.928000000002,129,2.5267857142857144,"{0: 0, 1: 35, 2: 0, 3: 61, 4: 15, 5: 1}","{0: 0.0, 1: 0.3125, 2: 0.0, 3: 0.5446428571428571, 4: 0.13392857142857142, 5: 0.008928571428571428}"
46,1.0378954265206286,148,159.53362182109436,43245.05589502252,65.55329575163404,40118.617000000035,185,199.41702727636795,4.955465587044534,612,247,266.24867966088044,0.0,21951.92337627151,65.48196141479093,20364.88999999998,311,2.611336032388664,"{0: 0, 1: 62, 2: 0, 3: 157, 4: 28}","{0: 0.0, 1: 0.25101214574898784, 2: 0.0, 3: 0.6356275303643725, 4: 0.11336032388663968}"
47,1.1664269736495607,107,30.352754794571624,16278.396567635955,138.6107608695652,57384.854999999996,132,37.44451993349023,4.758620689655173,414,174,49.35868536687348,0.01932367149758454,8936.537778057938,142.5485113122172,31503.221,221,2.6091954022988504,"{0: 0, 1: 42, 2: 0, 3: 116, 4: 16}","{0: 0.0, 1: 0.2413793103448276, 2: 0.0, 3: 0.6666666666666666, 4: 0.09195402298850575}"
48,1.062937189740481,31,174.19746830793702,42497.663910258016,63.55327731092437,7562.84,43,241.62874636262234,4.407407407407407,119,54,303.44075124608383,0.0,23606.931845067218,66.68357142857145,4201.065000000001,63,2.7037037037037037,"{0: 0, 1: 11, 2: 0, 3: 37, 4: 6}","{0: 0.0, 1: 0.2037037037037037, 2: 0.0, 3: 0.6851851851851852, 4: 0.1111111111111111}"
49,1.0775780118037077,69,135.04476015217347,41046.77656143563,85.25410569105688,20972.50999999999,79,154.6164645220537,5.406593406593407,246,91,178.10250976590993,0.0,21269.651496830036,84.90274999999997,10867.551999999996,128,2.934065934065934,"{0: 0, 1: 12, 2: 0, 3: 62, 4: 16, 5: 1}","{0: 0.0, 1: 0.13186813186813187, 2: 0.0, 3: 0.6813186813186813, 4: 0.17582417582417584, 5: 0.01098901098901099}"
50,1.0284682639266984,190,84.0331539466714,29405.740136308545,90.5813923705722,66486.742,236,104.37802279691816,4.8933333333333335,734,300,132.68392728421802,0.0,15832.52819893914,91.78856923076927,35797.542000000016,390,2.7333333333333334,"{0: 0, 1: 64, 2: 0, 3: 190, 4: 44, 5: 2}","{0: 0.0, 1: 0.21333333333333335, 2: 0.0, 3: 0.6333333333333333, 4: 0.14666666666666667, 5: 0.006666666666666667}"
51,1.0868673084712714,118,62.055689925722334,21158.49226020397,82.10867346938775,40233.25,160,84.14330837386079,4.355555555555555,490,225,118.32652740074174,0.0,12148.316887334397,85.24074169741702,23100.241000000013,271,2.568888888888889,"{0: 0, 1: 65, 2: 0, 3: 128, 4: 31, 5: 1}","{0: 0.0, 1: 0.28888888888888886, 2: 0.0, 3: 0.5688888888888889, 4: 0.13777777777777778, 5: 0.0044444444444444444}"
52,1.067337635024995,86,71.63607129795655,26402.347037358653,92.67938011695914,31696.348000000024,100,83.29775732320529,4.5,342,152,126.61259113127204,0.0,13201.173518679321,92.6793801169591,15848.174000000006,171,2.3684210526315788,"{0: 0, 1: 52, 2: 0, 3: 92, 4: 8}","{0: 0.0, 1: 0.34210526315789475, 2: 0.0, 3: 0.6052631578947368, 4: 0.05263157894736842}"
53,1.0176249211139643,47,95.98326243234168,52244.48619878206,87.01527210884355,25582.49,103,210.34629852194027,4.9411764705882355,294,119,243.02145169039701,0.0,26122.24309939104,87.01527210884356,12791.245000000004,147,2.8151260504201683,"{0: 0, 1: 16, 2: 0, 3: 94, 4: 8, 5: 1}","{0: 0.0, 1: 0.13445378151260504, 2: 0.0, 3: 0.7899159663865546, 4: 0.06722689075630252, 5: 0.008403361344537815}"
54,1.041209638851404,21,58.71724287872245,20874.505502512555,96.95698701298701,7465.688,30,83.88177554103207,3.5813953488372094,77,43,120.23054494214597,0.0,12561.418913873678,91.68457142857143,4492.544,49,2.558139534883721,"{0: 0, 1: 13, 2: 0, 3: 23, 4: 7}","{0: 0.0, 1: 0.3023255813953488, 2: 0.0, 3: 0.5348837209302325, 4: 0.16279069767441862}"
55,1.0785391995063338,55,67.15025014255482,31566.794169100227,104.25427016129026,25855.058999999987,74,90.34760928271012,4.389380530973451,248,113,137.96324120197627,0.008064516129032258,16298.75633023282,105.1152677165354,13349.638999999996,127,2.353982300884956,"{0: 0, 1: 39, 2: 0, 3: 69, 4: 5}","{0: 0.0, 1: 0.34513274336283184, 2: 0.0, 3: 0.6106194690265486, 4: 0.04424778761061947}"
56,1.056535043938716,45,81.23010976394994,24926.459213974915,80.28374418604652,13808.804000000002,63,113.72215366952992,4.3544303797468356,172,79,142.6039704744899,0.0,12955.375765343979,75.54781052631583,7177.042000000003,95,2.670886075949367,"{0: 0, 1: 16, 2: 0, 3: 58, 4: 4, 5: 1}","{0: 0.0, 1: 0.20253164556962025, 2: 0.0, 3: 0.7341772151898734, 4: 0.05063291139240506, 5: 0.012658227848101266}"
57,1.030842313781808,32,211.02881879247,45652.748052553696,59.678396551724106,6922.693999999996,41,270.3806740778522,4.9361702127659575,116,47,309.9485776014403,0.0,22826.374026276866,59.67839655172414,3461.347,58,2.8297872340425534,"{0: 0, 1: 6, 2: 0, 3: 37, 4: 4}","{0: 0.0, 1: 0.1276595744680851, 2: 0.0, 3: 0.7872340425531915, 4: 0.0851063829787234}"
58,1.0822997923098148,33,172.3582282373704,50852.937267516696,69.54564285714287,9736.390000000001,48,250.70287743617513,5.490196078431373,140,51,266.3718072759361,0.0,25426.46863375834,69.54564285714284,4868.194999999999,70,3.019607843137255,"{0: 0, 1: 3, 2: 0, 3: 41, 4: 7}","{0: 0.0, 1: 0.058823529411764705, 2: 0.0, 3: 0.803921568627451, 4: 0.13725490196078433}"
59,1.0502654742925703,69,73.7932378779518,29866.27513724493,96.29762758620691,27926.312000000005,92,98.39098383726906,4.172661870503597,290,139,148.6559429715261,0.0,16086.271343457534,97.67135064935067,15041.388000000003,154,2.3741007194244603,"{0: 0, 1: 47, 2: 1, 3: 86, 4: 3, 5: 1, 6: 1}","{0: 0.0, 1: 0.3381294964028777, 2: 0.007194244604316547, 3: 0.6187050359712231, 4: 0.02158273381294964, 5: 0.007194244604316547, 6: 0.007194244604316547}"
60,1.025855252042874,22,171.74366432138123,39097.210986856546,69.55930555555557,5008.27,28,218.58284549993976,4.235294117647059,72,34,265.4220266784983,0.0,19548.605493428273,69.55930555555557,2504.135,36,2.7058823529411766,"{0: 0, 1: 6, 2: 0, 3: 26, 4: 2}","{0: 0.0, 1: 0.17647058823529413, 2: 0.0, 3: 0.7647058823529411, 4: 0.058823529411764705}"
61,1.0301316950692911,104,68.66689210893475,24648.344064720037,101.4438858695653,37331.350000000035,123,81.21180509037475,4.571428571428571,368,161,106.30163105325475,0.0,13329.44476869756,100.94109499999996,20188.218999999994,200,2.7142857142857144,"{0: 0, 1: 38, 2: 0, 3: 94, 4: 28, 5: 1}","{0: 0.0, 1: 0.2360248447204969, 2: 0.0, 3: 0.5838509316770186, 4: 0.17391304347826086, 5: 0.006211180124223602}"
62,1.002154294072062,39,210.27803103162384,54508.30355448385,66.95090066225167,10109.586000000001,56,301.9376855838701,5.033333333333333,151,60,323.5046631255751,0.0,29966.096759968,65.38557647058823,5557.773999999999,85,3.1166666666666667,"{0: 0, 1: 4, 2: 0, 3: 41, 4: 15}","{0: 0.0, 1: 0.06666666666666667, 2: 0.0, 3: 0.6833333333333333, 4: 0.25}"
63,1.0504222054709256,63,71.55196948590611,22480.76564585569,86.06017391304351,19793.840000000007,77,87.4524071494408,4.380952380952381,230,105,119.2532824765102,0.0,12264.857107553771,85.70593650793658,10798.94800000001,126,2.6095238095238096,"{0: 0, 1: 28, 2: 0, 3: 62, 4: 15}","{0: 0.0, 1: 0.26666666666666666, 2: 0.0, 3: 0.5904761904761905, 4: 0.14285714285714285}"
64,1.0957371351732554,18,78.99799171405388,36570.50519396841,90.57317391304346,8332.731999999998,27,118.49698757108081,4.380952380952381,92,42,184.32864733279237,0.0,18285.25259698421,90.57317391304348,4166.366,46,2.3095238095238093,"{0: 0, 1: 15, 2: 0, 3: 26, 4: 1}","{0: 0.0, 1: 0.35714285714285715, 2: 0.0, 3: 0.6190476190476191, 4: 0.023809523809523808}"
65,1.0343340518769712,34,71.29135553655216,23327.97203630262,81.80505147058823,11125.487,57,119.51786075245509,3.675675675675676,136,74,155.16353852073118,0.0,13244.101251493184,75.19435714285711,6316.325999999998,84,2.5945945945945947,"{0: 0, 1: 17, 2: 0, 3: 54, 4: 2, 5: 1}","{0: 0.0, 1: 0.22972972972972974, 2: 0.0, 3: 0.7297297297297297, 4: 0.02702702702702703, 5: 0.013513513513513514}"
66,1.0510457935994844,68,96.19362148654916,30322.729112106863,82.76203474903474,21435.367,86,121.656638938871,4.316666666666666,259,120,169.75344968214557,0.0,16062.490134100493,82.28040579710144,11354.695999999998,138,2.55,"{0: 0, 1: 34, 2: 0, 3: 72, 4: 14}","{0: 0.0, 1: 0.2833333333333333, 2: 0.0, 3: 0.6, 4: 0.11666666666666667}"
67,1.0398291761511618,99,98.51380675069424,27252.720187058065,79.15381502890173,27387.219999999998,132,131.351742334259,4.707482993197279,346,147,146.2780766904248,0.0,15133.74174257847,77.99195384615389,15208.431000000008,195,2.9183673469387754,"{0: 0, 1: 15, 2: 0, 3: 114, 4: 18}","{0: 0.0, 1: 0.10204081632653061, 2: 0.0, 3: 0.7755102040816326, 4: 0.12244897959183673}"
68,1.0582416590325068,17,92.1414136262163,23818.38739979912,70.8785322580645,4394.468999999999,26,140.92216201656612,3.875,62,32,173.442660943466,0.0,16135.815194389308,80.4605945945946,2977.042,37,2.84375,"{0: 0, 1: 6, 2: 0, 3: 20, 4: 5, 5: 1}","{0: 0.0, 1: 0.1875, 2: 0.0, 3: 0.625, 4: 0.15625, 5: 0.03125}"
69,1.099185755181221,15,109.22506034255892,33653.806650740655,92.43430000000002,4621.715000000001,21,152.91508447958248,4.3478260869565215,50,23,167.47842585859033,0.0,18695.98076212892,85.58466666666668,2567.5400000000004,30,2.9565217391304346,"{0: 0, 1: 2, 2: 0, 3: 18, 4: 3}","{0: 0.0, 1: 0.08695652173913043, 2: 0.0, 3: 0.782608695652174, 4: 0.13043478260869565}"
70,1.016599661600829,40,159.31431895504707,42816.97383657269,79.04642647058823,10750.313999999998,52,207.1086146415612,5.132075471698113,136,53,211.09147261543737,0.0,23665.026880539564,77.16519480519483,5941.720000000002,77,3.3773584905660377,"{0: 0, 1: 1, 2: 0, 3: 30, 4: 22}","{0: 0.0, 1: 0.018867924528301886, 2: 0.0, 3: 0.5660377358490566, 4: 0.41509433962264153}"
71,1.0189918466730141,71,83.91525952990386,27525.557225201454,94.67131707317071,23289.143999999997,89,105.1895506783302,4.472727272727273,246,110,130.00955701816093,0.0,17057.69118565632,99.53358620689654,14432.369999999999,145,2.8454545454545452,"{0: 0, 1: 21, 2: 0, 3: 64, 4: 25}","{0: 0.0, 1: 0.19090909090909092, 2: 0.0, 3: 0.5818181818181818, 4: 0.22727272727272727}"
72,1.0458815017886505,24,148.66896190355382,38695.06803559072,76.17854878048779,6246.640999999999,33,204.4198226173865,4.555555555555555,82,36,223.00344285533075,0.0,21279.849558326678,76.33908888888887,3435.258999999999,45,3.0,"{0: 0, 1: 3, 2: 0, 3: 27, 4: 6}","{0: 0.0, 1: 0.08333333333333333, 2: 0.0, 3: 0.75, 4: 0.16666666666666666}"
73,1.0168989676822617,31,188.16602172027604,46369.51600753256,67.01132456140351,7639.291000000001,43,261.00448174102803,4.75,114,48,291.35384008300804,0.0,25087.580828540904,65.60526984126984,4133.1320000000005,63,3.0208333333333335,"{0: 0, 1: 5, 2: 0, 3: 34, 4: 7, 5: 2}","{0: 0.0, 1: 0.10416666666666667, 2: 0.0, 3: 0.7083333333333334, 4: 0.14583333333333334, 5: 0.041666666666666664}"
74,1.0076511747731043,19,134.9973418221707,32477.106295964037,66.24553623188406,4570.942,25,177.6280813449615,4.3125,69,32,227.3639441215507,0.0,16779.949329674957,65.60191666666668,2361.6690000000003,36,2.65625,"{0: 0, 1: 7, 2: 0, 3: 23, 4: 1, 5: 1}","{0: 0.0, 1: 0.21875, 2: 0.0, 3: 0.71875, 4: 0.03125, 5: 0.03125}"
75,1.015823226335815,22,140.05354850026845,35050.47585113814,84.70501538461538,5505.826,25,159.15175965939596,5.2,65,25,159.15175965939596,0.0,17944.577347990027,85.41769696969695,2818.783999999999,33,3.44,"{0: 0, 1: 0, 2: 0, 3: 14, 4: 11}","{0: 0.0, 1: 0.0, 2: 0.0, 3: 0.56, 4: 0.44}"
76,1.0183626452277537,37,197.1360300024323,36947.68762312481,75.37635869565221,6934.625000000004,39,207.7920316241854,4.380952380952381,92,42,223.77603405681504,0.0,20577.836699772273,74.27319230769231,3862.206,52,3.0714285714285716,"{0: 0, 1: 3, 2: 0, 3: 30, 4: 9}","{0: 0.0, 1: 0.07142857142857142, 2: 0.0, 3: 0.7142857142857143, 4: 0.21428571428571427}"
77,1.0463353147373122,12,166.53796265836115,41678.99793511073,103.55886206896551,3003.207,14,194.294289768088,3.8666666666666667,29,15,208.17245332295144,0.0,24405.749839003292,103.4454117647059,1758.5720000000001,17,3.0,"{0: 0, 1: 1, 2: 0, 3: 12, 4: 2}","{0: 0.0, 1: 0.06666666666666667, 2: 0.0, 3: 0.8, 4: 0.13333333333333333}"
78,1.0793193079775427,51,131.74604252094122,40373.85630541761,69.46248444444441,15629.058999999994,75,193.74418017785473,4.591836734693878,225,98,253.15906209906353,0.0,21546.91800872301,70.09237815126052,8340.993000000002,119,2.7142857142857144,"{0: 0, 1: 23, 2: 0, 3: 58, 4: 16, 5: 1}","{0: 0.0, 1: 0.23469387755102042, 2: 0.0, 3: 0.5918367346938775, 4: 0.16326530612244897, 5: 0.01020408163265306}"
79,1.0368072640105066,59,98.34210294029553,31729.481126992207,67.50351418439719,19035.99100000001,98,163.34789979913495,5.035714285714286,282,112,186.68331405615422,0.0,17223.624241256228,70.29423809523809,10333.252999999999,147,2.9017857142857144,"{0: 0, 1: 14, 2: 0, 3: 81, 4: 17}","{0: 0.0, 1: 0.125, 2: 0.0, 3: 0.7232142857142857, 4: 0.15178571428571427}"
80,1.1065409282372836,29,131.27248957660296,38305.787755397774,73.58526086956523,8462.305000000002,42,190.11877800749394,4.181818181818182,115,55,248.96506643838492,0.017391304347826087,23569.590739285482,76.57154411764708,5206.865000000002,68,2.709090909090909,"{0: 0, 1: 13, 2: 0, 3: 32, 4: 10}","{0: 0.0, 1: 0.23636363636363636, 2: 0.0, 3: 0.5818181818181818, 4: 0.18181818181818182}"
81,1.076793191978688,43,40.83818772371882,15129.278768917202,98.33433950617282,15930.162999999999,67,63.63159482532932,3.7241379310344827,162,87,82.62610074333807,0.0,10692.27330432998,107.2217142857143,11258.28,105,2.6091954022988504,"{0: 0, 1: 20, 2: 0, 3: 61, 4: 6}","{0: 0.0, 1: 0.22988505747126436, 2: 0.0, 3: 0.7011494252873564, 4: 0.06896551724137931}"
82,1.0334151200145025,20,108.00013642553012,32262.248953600523,90.5224696969697,5974.483,26,140.40017735318915,4.714285714285714,66,28,151.20019099574216,0.0,16257.136335978159,86.01648571428571,3010.5769999999998,35,3.0,"{0: 0, 1: 2, 2: 0, 3: 22, 4: 4}","{0: 0.0, 1: 0.07142857142857142, 2: 0.0, 3: 0.7857142857142857, 4: 0.14285714285714285}"
83,1.1045201642186047,53,26.486314769728473,15483.12801306242,146.83533649289095,30982.255999999987,77,38.4801176843225,4.395833333333333,211,96,47.975211658376104,0.0,9371.16450724604,157.57994117647053,18752.01299999999,119,2.75,"{0: 0, 1: 19, 2: 0, 3: 64, 4: 12, 5: 1}","{0: 0.0, 1: 0.19791666666666666, 2: 0.0, 3: 0.6666666666666666, 4: 0.125, 5: 0.010416666666666666}"
84,1.0094674504655943,43,92.6862169993352,29285.001327024584,87.09113461538463,13586.217000000002,64,137.9515787897082,4.588235294117647,156,68,146.57355246406496,0.0,18370.651780024542,90.66715957446812,8522.713000000003,94,3.1029411764705883,"{0: 0, 1: 4, 2: 0, 3: 51, 4: 11, 5: 2}","{0: 0.0, 1: 0.058823529411764705, 2: 0.0, 3: 0.75, 4: 0.16176470588235295, 5: 0.029411764705882353}"
85,1.0128416894362875,36,175.6103546217214,33545.7923812597,73.94477419354837,6876.863999999999,42,204.87874705867495,4.133333333333334,93,45,219.51294327715172,0.0,20909.26150791313,73.9031724137931,4286.384,58,3.1555555555555554,"{0: 0, 1: 3, 2: 0, 3: 29, 4: 13}","{0: 0.0, 1: 0.06666666666666667, 2: 0.0, 3: 0.6444444444444445, 4: 0.28888888888888886}"
86,1.1126994348130437,62,57.22807444111512,20138.9175328104,105.40187439613527,21818.188000000002,91,83.99604474421736,4.0588235294117645,207,102,94.14941279022165,0.00966183574879227,13150.43184155618,103.23892753623193,14246.972000000005,138,3.0294117647058822,"{0: 0, 1: 11, 2: 0, 3: 68, 4: 21, 5: 2}","{0: 0.0, 1: 0.10784313725490197, 2: 0.0, 3: 0.6666666666666666, 4: 0.20588235294117646, 5: 0.0196078431372549}"
87,1.056978311800064,110,103.29724178495445,27962.753042485758,82.4853240997231,29777.202000000038,129,121.13949263871932,4.688311688311688,361,154,144.61613849893624,0.0,15551.046661971151,81.57696551724136,16560.123999999996,203,2.8636363636363638,"{0: 0, 1: 25, 2: 0, 3: 101, 4: 27, 5: 1}","{0: 0.0, 1: 0.16233766233766234, 2: 0.0, 3: 0.6558441558441559, 4: 0.17532467532467533, 5: 0.006493506493506494}"
88,1.0179805253860867,34,75.07475570455175,17243.796985239678,82.20425263157894,7809.403999999999,44,97.1555662058905,4.130434782608695,95,46,101.57172830615825,0.0,11045.424218896327,87.75917543859647,5002.272999999999,57,3.130434782608696,"{0: 0, 1: 2, 2: 2, 3: 31, 4: 10, 5: 1}","{0: 0.0, 1: 0.043478260869565216, 2: 0.043478260869565216, 3: 0.6739130434782609, 4: 0.21739130434782608, 5: 0.021739130434782608}"
89,1.0752964976114223,22,128.64640069211,40936.17352990692,70.71264646464647,7000.552000000001,42,245.59767404857365,3.8823529411764706,99,51,298.2257470589823,0.0,25708.462811764555,69.78476190476191,4396.4400000000005,63,2.8627450980392157,"{0: 0, 1: 9, 2: 0, 3: 32, 4: 9, 5: 1}","{0: 0.0, 1: 0.17647058823529413, 2: 0.0, 3: 0.6274509803921569, 4: 0.17647058823529413, 5: 0.0196078431372549}"
90,1.0561554463571803,225,61.92592457898976,27980.976363244237,87.94578892733564,101665.332,340,93.57695269714007,4.542239685658153,1156,509,140.09020271424794,0.0,14141.123406000002,87.8290256410256,51379.979999999974,585,2.404715127701375,"{0: 0, 1: 169, 2: 0, 3: 307, 4: 31, 5: 2}","{0: 0.0, 1: 0.3320235756385069, 2: 0.0, 3: 0.6031434184675835, 4: 0.060903732809430254, 5: 0.003929273084479371}"
91,1.0909593115682095,54,87.16868254876026,26846.890444244087,83.57457788944723,16631.340999999997,74,119.45337978904183,3.9019607843137254,199,102,164.65195592543603,0.0,17095.748014343542,92.09234782608696,10590.62,115,2.5392156862745097,"{0: 0, 1: 28, 2: 0, 3: 66, 4: 7, 5: 1}","{0: 0.0, 1: 0.27450980392156865, 2: 0.0, 3: 0.6470588235294118, 4: 0.06862745098039216, 5: 0.00980392156862745}"
92,1.0600453697557868,28,101.77729481107157,62339.501797627905,45.856283422459924,17150.25000000001,112,407.1091792442863,6.131147540983607,374,122,443.45821310538327,0.0,31169.750898813953,45.856283422459924,8575.125000000005,187,3.1557377049180326,"{0: 0, 1: 10, 2: 0, 3: 73, 4: 39}","{0: 0.0, 1: 0.08196721311475409, 2: 0.0, 3: 0.5983606557377049, 4: 0.319672131147541}"
93,1.105984041366361,29,48.273251430466644,20976.355720327374,105.01231666666665,12601.477999999997,47,78.23595921489422,4.137931034482759,120,58,96.54650286093329,0.016666666666666666,11632.901446472866,99.83468571428571,6988.428,70,2.810344827586207,"{0: 0, 1: 11, 2: 0, 3: 36, 4: 11}","{0: 0.0, 1: 0.1896551724137931, 2: 0.0, 3: 0.6206896551724138, 4: 0.1896551724137931}"
94,1.0462947271571532,119,61.097813598818185,27253.925843094057,105.11361782178216,53082.376999999986,162,83.17517481519786,4.675925925925926,505,216,110.90023308693048,0.0039603960396039604,14334.57700485484,107.79693436293437,27919.406,259,2.564814814814815,"{0: 0, 1: 54, 2: 0, 3: 148, 4: 14}","{0: 0.0, 1: 0.25, 2: 0.0, 3: 0.6851851851851852, 4: 0.06481481481481481}"
95,1.0737570832276202,73,63.39433745199141,21713.389045771833,97.66974218749996,25003.45399999999,87,75.55215559346922,5.12,256,100,86.84155815341289,0.0,10856.694522885919,97.66974218749998,12501.726999999997,128,2.81,"{0: 0, 1: 13, 2: 0, 3: 80, 4: 7}","{0: 0.0, 1: 0.13, 2: 0.0, 3: 0.8, 4: 0.07}"
96,1.0504956629016535,64,147.78947900389957,37337.704857130295,67.370975,16169.034000000001,79,182.42763814543855,4.571428571428571,240,105,242.46711399077276,0.0,18668.852428565144,67.370975,8084.517,120,2.5619047619047617,"{0: 0, 1: 26, 2: 1, 3: 73, 4: 4, 5: 0, 6: 1}","{0: 0.0, 1: 0.24761904761904763, 2: 0.009523809523809525, 3: 0.6952380952380952, 4: 0.0380952380952381, 5: 0.0, 6: 0.009523809523809525}"
97,1.0228481543796433,143,179.40739875166793,40741.54212450433,64.68885059760967,32473.803000000054,164,205.7539398270877,5.340425531914893,502,188,235.86427248471028,0.0,21079.260289401427,66.14809448818899,16801.616,254,2.856382978723404,"{0: 0, 1: 24, 2: 0, 3: 143, 4: 21}","{0: 0.0, 1: 0.1276595744680851, 2: 0.0, 3: 0.7606382978723404, 4: 0.11170212765957446}"
98,1.095710299813245,48,152.77878118310392,53837.666957744805,52.20587962962957,16914.70499999998,103,327.83780128874383,4.695652173913044,324,138,439.2389959014237,0.0,28453.723912582853,52.585788235294125,8939.584,170,2.5652173913043477,"{0: 0, 1: 35, 2: 0, 3: 93, 4: 10}","{0: 0.0, 1: 0.2536231884057971, 2: 0.0, 3: 0.6739130434782609, 4: 0.07246376811594203}"
99,1.0151170069484319,40,192.53620136465833,41308.223236549464,68.65530399999997,8581.912999999997,50,240.67025170582292,4.8076923076923075,125,52,250.29706177405583,0.0,22073.818212979833,67.4397794117647,4585.905,68,3.1538461538461537,"{0: 0, 1: 2, 2: 0, 3: 38, 4: 12}","{0: 0.0, 1: 0.038461538461538464, 2: 0.0, 3: 0.7307692307692307, 4: 0.23076923076923078}"
100,1.1283741392822424,103,24.746676418928907,14022.489641504098,148.88790051020405,58364.056999999986,144,34.59729518762876,4.666666666666667,392,168,40.363511052233555,0.0,7855.609709101207,147.2811846846846,32696.422999999984,222,2.8511904761904763,"{0: 0, 1: 24, 2: 3, 3: 116, 4: 24, 5: 1}","{0: 0.0, 1: 0.14285714285714285, 2: 0.017857142857142856, 3: 0.6904761904761905, 4: 0.14285714285714285, 5: 0.005952380952380952}"
101,1.052187255480105,105,109.99584324496655,34235.33671904451,88.32545945945955,32680.420000000035,120,125.70953513710464,4.805194805194805,370,154,161.3272367592843,0.0,18628.373269817257,90.26548730964467,17782.301,197,2.74025974025974,"{0: 0, 1: 34, 2: 2, 3: 88, 4: 30}","{0: 0.0, 1: 0.22077922077922077, 2: 0.012987012987012988, 3: 0.5714285714285714, 4: 0.19480519480519481}"
102,1.070876144647688,115,49.25973090093133,24455.452592128473,92.68315259740267,57092.822000000044,179,76.67384201101486,4.562962962962963,616,270,115.65328124566486,0.003246753246753247,12320.059164010414,93.08080258899673,28761.96799999999,309,2.3851851851851853,"{0: 0, 1: 91, 2: 0, 3: 163, 4: 16}","{0: 0.0, 1: 0.337037037037037, 2: 0.0, 3: 0.6037037037037037, 4: 0.05925925925925926}"
103,1.1442979520556364,90,44.810959274202474,18069.437780650685,115.57749044585992,36291.33200000002,105,52.279452486569554,4.391608391608392,314,143,71.19963529123282,0.0,9841.91513041662,116.27570000000006,19766.86900000001,170,2.5734265734265733,"{0: 0, 1: 38, 2: 0, 3: 90, 4: 15}","{0: 0.0, 1: 0.26573426573426573, 2: 0.0, 3: 0.6293706293706294, 4: 0.1048951048951049}"
104,1.0370196056733418,77,100.08159431204345,35933.94420251764,74.11951474530828,27646.578999999987,125,162.47012063643416,4.633540372670807,373,161,209.2615153797272,0.0,20072.87926056562,74.60635748792274,15443.516000000007,207,2.7577639751552794,"{0: 0, 1: 36, 2: 0, 3: 92, 4: 33}","{0: 0.0, 1: 0.2236024844720497, 2: 0.0, 3: 0.5714285714285714, 4: 0.20496894409937888}"
105,1.1555838969235197,38,95.4246440726912,39074.13169040744,101.70000000000003,15560.100000000004,51,128.06991704492765,5.666666666666667,153,54,135.60344157698222,0.013071895424836602,20539.403795368413,102.24001249999998,8179.200999999998,80,3.240740740740741,"{0: 0, 1: 3, 2: 0, 3: 32, 4: 19}","{0: 0.0, 1: 0.05555555555555555, 2: 0.0, 3: 0.5925925925925926, 4: 0.35185185185185186}"
106,1.013818662849361,61,196.52426983962985,43763.171336414394,67.5812736318408,13583.836000000001,71,228.7413632559626,5.153846153846154,201,78,251.29332864739553,0.0,23491.24830656743,66.89493577981652,7291.548000000001,109,3.0641025641025643,"{0: 0, 1: 7, 2: 0, 3: 52, 4: 19}","{0: 0.0, 1: 0.08974358974358974, 2: 0.0, 3: 0.6666666666666666, 4: 0.24358974358974358}"
107,1.0266651521266201,98,119.72939408061423,36784.56314685352,77.20159743589744,30108.623,129,157.60297792244117,4.30939226519337,390,181,221.1328604958283,0.0,20018.65695199782,76.92732394366197,16385.52,213,2.5193370165745854,"{0: 0, 1: 52, 2: 0, 3: 112, 4: 17}","{0: 0.0, 1: 0.287292817679558, 2: 0.0, 3: 0.6187845303867403, 4: 0.09392265193370165}"
108,1.0644062220359325,92,99.51623755444142,25959.820872226872,75.9466265822785,23999.134000000005,123,133.04888281735103,4.546762589928058,316,139,150.35605456594953,0.0,15236.583906827318,75.32512834224599,14085.798999999999,187,2.971223021582734,"{0: 0, 1: 16, 2: 2, 3: 94, 4: 24, 5: 3}","{0: 0.0, 1: 0.11510791366906475, 2: 0.014388489208633094, 3: 0.6762589928057554, 4: 0.17266187050359713, 5: 0.02158273381294964}"
109,1.0328476716960988,52,122.05066108428937,35851.083731671926,76.75601507537687,15274.446999999996,77,180.72886352865928,4.574712643678161,199,87,204.2001445064072,0.0,19618.561743246457,72.05637068965522,8358.539000000006,116,2.9655172413793105,"{0: 0, 1: 10, 2: 0, 3: 61, 4: 15, 5: 1}","{0: 0.0, 1: 0.11494252873563218, 2: 0.0, 3: 0.7011494252873564, 4: 0.1724137931034483, 5: 0.011494252873563218}"
110,1.0399859333986345,32,104.16143409582928,26464.78056240485,76.70178301886791,8130.388999999999,47,152.98710632824924,3.8545454545454545,106,55,179.02746485220655,0.0,16426.482755004545,75.3204328358209,5046.469,67,2.8545454545454545,"{0: 0, 1: 8, 2: 0, 3: 39, 4: 8}","{0: 0.0, 1: 0.14545454545454545, 2: 0.0, 3: 0.7090909090909091, 4: 0.14545454545454545}"
111,1.0629147085467747,23,122.64500151585412,30290.81448286331,81.15044285714283,5680.530999999998,28,149.30695836712675,4.375,70,32,170.63652384814486,0.0,16782.14477959601,82.82126315789473,3147.2079999999996,38,2.8125,"{0: 0, 1: 4, 2: 0, 3: 26, 4: 2}","{0: 0.0, 1: 0.125, 2: 0.0, 3: 0.8125, 4: 0.0625}"
112,1.0383794430905662,61,96.50851698270733,28902.45926396399,79.08370562770561,18268.335999999996,80,126.56854686256699,4.529411764705882,231,102,161.3748972497729,0.0,17117.813747846612,83.87311627906975,10819.631999999998,129,2.764705882352941,"{0: 0, 1: 22, 2: 0, 3: 60, 4: 20}","{0: 0.0, 1: 0.21568627450980393, 2: 0.0, 3: 0.5882352941176471, 4: 0.19607843137254902}"
113,1.1539226767236177,78,96.2639390752148,32529.103021785086,74.45601694915248,26357.42999999998,135,166.6106637840256,4.452830188679245,354,159,196.23033734563018,0.005649717514124294,20324.0042900005,76.95316355140189,16467.977000000003,214,2.830188679245283,"{0: 0, 1: 24, 2: 0, 3: 114, 4: 21}","{0: 0.0, 1: 0.1509433962264151, 2: 0.0, 3: 0.7169811320754716, 4: 0.1320754716981132}"
114,1.0456460773375245,115,126.52261018445418,38164.12830890655,74.75961637931036,34688.46200000001,150,165.02949154494024,4.663316582914573,464,199,218.93912544962072,0.0,19621.16819487633,74.93377310924363,17834.237999999983,238,2.5527638190954773,"{0: 0, 1: 49, 2: 2, 3: 137, 4: 11}","{0: 0.0, 1: 0.24623115577889448, 2: 0.010050251256281407, 3: 0.6884422110552764, 4: 0.05527638190954774}"
115,1.0491241023871032,43,154.27183208766635,39369.389426460926,68.58363749999998,10973.381999999996,54,193.7367193659066,4.923076923076923,160,65,233.2016066441468,0.0,19684.694713230467,68.58363749999998,5486.690999999999,80,2.6923076923076925,"{0: 0, 1: 11, 2: 0, 3: 52, 4: 2}","{0: 0.0, 1: 0.16923076923076924, 2: 0.0, 3: 0.8, 4: 0.03076923076923077}"
116,1.1257674211390756,246,34.19314804678172,16209.719686169034,97.34523706176972,116619.59400000013,362,50.31674631274384,4.607692307692307,1198,520,72.27819912327844,0.01001669449081803,8719.823610705873,98.02204218749995,62734.10699999997,640,2.4884615384615385,"{0: 0, 1: 158, 2: 0, 3: 312, 4: 50}","{0: 0.0, 1: 0.3038461538461538, 2: 0.0, 3: 0.6, 4: 0.09615384615384616}"
117,1.0760387865730887,170,51.65580821926364,21511.353040624334,95.28151951547773,70794.16899999995,231,70.19112763911707,4.762820512820513,743,312,94.80360096711915,0.0026917900403768506,11104.796706098645,94.19083505154634,36546.04399999998,388,2.605769230769231,"{0: 0, 1: 81, 2: 0, 3: 193, 4: 37, 5: 1}","{0: 0.0, 1: 0.25961538461538464, 2: 0.0, 3: 0.6185897435897436, 4: 0.11858974358974358, 5: 0.003205128205128205}"
118,1.1096807530265367,147,35.70335062247238,14201.904908572731,98.93899153976307,58472.943999999974,198,48.09022736904443,4.7854251012145745,591,247,59.99134424320189,0.00676818950930626,7885.39247097226,101.45692499999996,32466.215999999986,320,2.7246963562753037,"{0: 0, 1: 49, 2: 0, 3: 168, 4: 30}","{0: 0.0, 1: 0.19838056680161945, 2: 0.0, 3: 0.680161943319838, 4: 0.1214574898785425}"
119,1.0410384812167268,139,130.0625405327943,40238.96025862694,63.241244117647,43004.04599999996,207,193.6902582035138,4.80565371024735,680,283,264.8035897178474,0.0,20119.4801293135,63.241244117647085,21502.02300000001,340,2.5406360424028267,"{0: 0, 1: 76, 2: 0, 3: 185, 4: 22}","{0: 0.0, 1: 0.26855123674911663, 2: 0.0, 3: 0.6537102473498233, 4: 0.07773851590106007}"
120,1.0327754590032157,63,47.53843550098159,21618.81888433891,99.13563321799306,28650.197999999993,88,66.40289403311714,5.401869158878505,289,107,80.73988251754017,0.0,10830.60554777617,98.98751034482763,14353.189000000006,145,2.803738317757009,"{0: 0, 1: 19, 2: 0, 3: 71, 4: 17}","{0: 0.0, 1: 0.17757009345794392, 2: 0.0, 3: 0.6635514018691588, 4: 0.1588785046728972}"
121,1.060615469951736,89,52.3940170798203,18549.756182076377,71.77645330296126,31509.862999999994,151,88.89321998935804,4.479591836734694,439,196,115.38457693982897,0.0,9286.294394141785,71.37703167420811,15774.323999999993,221,2.576530612244898,"{0: 0, 1: 45, 2: 0, 3: 144, 4: 7}","{0: 0.0, 1: 0.22959183673469388, 2: 0.0, 3: 0.7346938775510204, 4: 0.03571428571428571}"
122,1.1023383350301816,24,126.22153837521385,45108.143537611475,86.63582828282829,8576.947,32,168.29538450028514,4.829268292682927,99,41,215.62846139099034,0.0,23904.839450574233,89.12374509803921,4545.311,51,2.6341463414634148,"{0: 0, 1: 9, 2: 0, 3: 29, 4: 3}","{0: 0.0, 1: 0.21951219512195122, 2: 0.0, 3: 0.7073170731707317, 4: 0.07317073170731707}"
123,1.1283715831519978,14,176.3655034782749,53695.48533683784,68.74806451612906,4262.380000000002,21,264.54825521741236,4.275862068965517,62,29,365.32854291928373,0.0,26847.7426684189,68.74806451612902,2131.1899999999996,31,2.4827586206896552,"{0: 0, 1: 8, 2: 0, 3: 20, 4: 1}","{0: 0.0, 1: 0.27586206896551724, 2: 0.0, 3: 0.6896551724137931, 4: 0.034482758620689655}"
124,1.0295704480245569,23,171.244077391123,52561.26995390851,45.841350649350666,7059.568000000002,55,409.49670680485934,4.8125,154,64,476.5052588274727,0.0,26280.63497695425,45.84135064935066,3529.7840000000006,77,2.84375,"{0: 0, 1: 9, 2: 0, 3: 47, 4: 8}","{0: 0.0, 1: 0.140625, 2: 0.0, 3: 0.734375, 4: 0.125}"
125,1.0559429328736798,72,41.59097940952458,20038.710063518938,110.4774044585987,34689.90499999999,100,57.76524917989525,4.757575757575758,314,132,76.25012891746174,0.0,11035.411972163058,107.93160451977401,19103.894,177,2.734848484848485,"{0: 0, 1: 32, 2: 0, 3: 71, 4: 29}","{0: 0.0, 1: 0.24242424242424243, 2: 0.0, 3: 0.5378787878787878, 4: 0.2196969696969697}"
126,1.1522192088234735,94,50.482466338086624,19641.997267530147,108.52830860534125,36574.04,109,58.53817905161108,4.713286713286713,337,143,76.79779453559986,0.011869436201780416,10647.977693129955,113.94759770114945,19826.882000000005,174,2.6223776223776225,"{0: 0, 1: 34, 2: 0, 3: 95, 4: 14}","{0: 0.0, 1: 0.23776223776223776, 2: 0.0, 3: 0.6643356643356644, 4: 0.0979020979020979}"
127,1.0551512700799537,105,50.95074058261698,20918.389430565534,95.58516629711742,43108.90999999996,155,75.21299800291078,4.214953271028038,451,214,103.84246175885747,0.0,11752.978621729644,94.61212109374998,24220.702999999994,256,2.5654205607476634,"{0: 0, 1: 59, 2: 3, 3: 124, 4: 28}","{0: 0.0, 1: 0.2757009345794392, 2: 0.014018691588785047, 3: 0.5794392523364486, 4: 0.1308411214953271}"
128,1.0676536128890666,88,63.94394843215393,26471.063077853643,104.68280747126448,36429.61700000004,112,81.38320709546863,4.901408450704225,348,142,103.18228042461202,0.0,14041.155895455184,102.78464361702129,19323.513000000003,188,2.767605633802817,"{0: 0, 1: 30, 2: 2, 3: 83, 4: 25, 5: 2}","{0: 0.0, 1: 0.2112676056338028, 2: 0.014084507042253521, 3: 0.5845070422535211, 4: 0.176056338028169, 5: 0.014084507042253521}"
129,1.104107327124379,253,49.33455472442146,21545.39863414194,100.3544241598545,110490.2209999998,340,66.29940160594188,4.735483870967742,1101,465,90.6741816081264,0.007266121707538601,11014.227549625833,101.40705206463194,56483.72799999999,557,2.5053763440860215,"{0: 0, 1: 125, 2: 1, 3: 318, 4: 21}","{0: 0.0, 1: 0.26881720430107525, 2: 0.002150537634408602, 3: 0.6838709677419355, 4: 0.04516129032258064}"
130,1.0631005927835988,117,44.08372251007246,17349.18441153061,104.41143764172337,46045.444,147,55.38724110239874,4.741935483870968,441,186,70.08181527242289,0.0045351473922902496,8949.429724658656,102.82316883116884,23752.152000000002,231,2.6881720430107525,"{0: 0, 1: 39, 2: 0, 3: 128, 4: 18, 5: 1}","{0: 0.0, 1: 0.20967741935483872, 2: 0.0, 3: 0.6881720430107527, 4: 0.0967741935483871, 5: 0.005376344086021506}"
131,1.1032675917992234,111,75.11674378490626,26543.776370858748,82.23005031446554,39223.73400000006,168,113.69020680958786,4.316742081447964,477,221,149.55676014832687,0.0041928721174004195,16751.98601951614,86.25228919860633,24754.407000000017,287,2.6515837104072397,"{0: 0, 1: 53, 2: 2, 3: 136, 4: 29, 5: 1}","{0: 0.0, 1: 0.2398190045248869, 2: 0.00904977375565611, 3: 0.6153846153846154, 4: 0.13122171945701358, 5: 0.004524886877828055}"
132,1.0679831999898444,64,97.82337086104204,46629.20023104338,90.25652662721895,30506.706000000002,102,155.90599730978573,4.898550724637682,338,138,210.93164341912188,0.005917159763313609,23693.72528872485,91.18465882352943,15501.392000000003,170,2.572463768115942,"{0: 0, 1: 36, 2: 0, 3: 89, 4: 13}","{0: 0.0, 1: 0.2608695652173913, 2: 0.0, 3: 0.644927536231884, 4: 0.09420289855072464}"
133,1.0628230966756187,113,115.10134292439278,41853.937688841026,65.2219571428572,41089.83300000004,193,196.58901933104252,4.5,630,280,285.20686742327416,0.0,21566.127110977643,64.9460306748467,21172.40600000002,326,2.517857142857143,"{0: 0, 1: 87, 2: 0, 3: 154, 4: 39}","{0: 0.0, 1: 0.3107142857142857, 2: 0.0, 3: 0.55, 4: 0.1392857142857143}"
134,1.1439216097586011,216,55.51782613658906,22956.672769901117,86.46292449177155,89316.201,338,86.8751168248477,4.601336302895323,1033,449,115.40511081170595,0.007744433688286544,13124.610467296914,89.58449824561404,51063.164000000004,570,2.6325167037861914,"{0: 0, 1: 111, 2: 2, 3: 285, 4: 43, 5: 8}","{0: 0.0, 1: 0.24721603563474387, 2: 0.004454342984409799, 3: 0.6347438752783965, 4: 0.0957683741648107, 5: 0.017817371937639197}"
135,1.0865960569118616,85,41.086714633416605,28867.646544716827,118.9666334661354,59721.24999999997,149,72.02259388681264,4.691588785046729,502,214,103.44184625354298,0.0,14433.823272358426,118.9666334661355,29860.62500000001,251,2.453271028037383,"{0: 0, 1: 65, 2: 0, 3: 136, 4: 13}","{0: 0.0, 1: 0.3037383177570093, 2: 0.0, 3: 0.6355140186915887, 4: 0.06074766355140187}"
136,1.1246153547388984,284,19.667630241778227,9936.268169708332,120.67234566862898,143479.41899999985,401,27.770139883637565,4.671905697445973,1189,509,35.24937955304619,0.00672834314550042,5403.940412228224,120.42089506172825,78032.7399999999,648,2.669941060903733,"{0: 0, 1: 108, 2: 6, 3: 343, 4: 50, 5: 2}","{0: 0.0, 1: 0.21218074656188604, 2: 0.011787819253438114, 3: 0.6738703339882122, 4: 0.09823182711198428, 5: 0.003929273084479371}"
137,1.0755260085830296,121,26.115876521692634,14619.676741858515,129.0206514285713,67735.84199999995,172,37.12339472505069,4.338842975206612,525,242,52.23175304338527,0.015238095238095238,8273.987537862457,126.10201973684197,38335.01399999996,304,2.541322314049587,"{0: 0, 1: 70, 2: 0, 3: 144, 4: 27, 5: 1}","{0: 0.0, 1: 0.2892561983471074, 2: 0.0, 3: 0.5950413223140496, 4: 0.1115702479338843, 5: 0.004132231404958678}"
138,1.0930729056777357,165,81.18668384536605,34574.40080611501,73.19519479166658,70267.38699999992,294,144.65990939719768,4.539007092198582,960,423,208.1331349490293,0.008333333333333333,18915.982169558243,74.7936828793774,38443.95299999999,514,2.4988179669030735,"{0: 0, 1: 129, 2: 3, 3: 242, 4: 49}","{0: 0.0, 1: 0.3049645390070922, 2: 0.0070921985815602835, 3: 0.5721040189125296, 4: 0.11583924349881797}"
139,1.0690942182371317,79,35.992505948348885,18727.812047608182,100.0138686131388,41105.70000000005,128,58.316971663147555,4.491803278688525,411,183,83.37504542465628,0.009732360097323601,9954.593162564002,99.76872146118716,21849.349999999988,219,2.459016393442623,"{0: 0, 1: 55, 2: 0, 3: 117, 4: 11}","{0: 0.0, 1: 0.3005464480874317, 2: 0.0, 3: 0.639344262295082, 4: 0.060109289617486336}"
140,1.1710264782840136,189,59.82327177294547,25178.38633822203,103.17278599221784,79546.21799999995,294,93.05842275791517,4.521994134897361,771,341,107.93510938928256,0.018158236057068743,16310.928364932177,107.58081002087683,51531.208,479,2.8621700879765397,"{0: 0, 1: 47, 2: 0, 3: 247, 4: 47}","{0: 0.0, 1: 0.1378299120234604, 2: 0.0, 3: 0.7243401759530792, 4: 0.1378299120234604}"
141,1.0619785224172846,152,69.78997335484061,25130.157722580185,91.83315604026846,54732.561,193,88.61490037818577,4.806451612903226,596,248,113.86785126316099,0.003355704697986577,13364.755103645655,94.20047249190941,29107.946000000007,309,2.681451612903226,"{0: 0, 1: 55, 2: 0, 3: 162, 4: 31}","{0: 0.0, 1: 0.2217741935483871, 2: 0.0, 3: 0.6532258064516129, 4: 0.125}"
142,1.0472128712442497,49,84.30533175549887,39829.84064378058,78.20920945945943,23149.925999999992,95,163.4491125871917,4.385185185185185,296,135,232.2697915712724,0.0,21287.95652675077,77.8176100628931,12373.000000000002,159,2.5037037037037035,"{0: 0, 1: 40, 2: 0, 3: 83, 4: 11, 5: 1}","{0: 0.0, 1: 0.2962962962962963, 2: 0.0, 3: 0.6148148148148148, 4: 0.08148148148148149, 5: 0.007407407407407408}"
143,1.0916145578456415,220,27.994269121729893,14613.42610513963,116.59216446700508,114843.282,319,40.59169022650834,4.528735632183908,985,435,55.35230485432956,0.01015228426395939,7622.541597374262,113.88528326996203,59903.65900000003,526,2.533333333333333,"{0: 0, 1: 116, 2: 0, 3: 290, 4: 29}","{0: 0.0, 1: 0.26666666666666666, 2: 0.0, 3: 0.6666666666666666, 4: 0.06666666666666667}"
