Ward,No_HH,TOT_P,TOT_M,TOT_F,P_06,M_06,F_06,P_SC,M_SC,F_SC,P_ST,M_ST,F_ST,P_LIT,M_LIT,F_LIT,P_ILL,M_ILL,F_ILL,TOT_WORK_P,TOT_WORK_M,TOT_WORK_F,MAINWORK_P,MAINWORK_M,MAINWORK_F,MAIN_CL_P,MAIN_CL_M,MAIN_CL_F,MAIN_AL_P,MAIN_AL_M,MAIN_AL_F,MAIN_HH_P,MAIN_HH_M,MAIN_HH_F,MAIN_OT_P,MAIN_OT_M,MAIN_OT_F,MARGWORK_P,MARGWORK_M,MARGWORK_F,MARG_CL_P,MARG_CL_M,MARG_CL_F,MARG_AL_P,MARG_AL_M,MARG_AL_F,MARG_HH_P,MARG_HH_M,MARG_HH_F,MARG_OT_P,MARG_OT_M,MARG_OT_F,MARGWORK_3_6_P,MARGWORK_3_6_M,MARGWORK_3_6_F,MARG_CL_3_6_P,MARG_CL_3_6_M,MARG_CL_3_6_F,MARG_AL_3_6_P,MARG_AL_3_6_M,MARG_AL_3_6_F,MARG_HH_3_6_P,MARG_HH_3_6_M,MARG_HH_3_6_F,MARG_OT_3_6_P,MARG_OT_3_6_M,MARG_OT_3_6_F,MARGWORK_0_3_P,MARGWORK_0_3_M,MARGWORK_0_3_F,MARG_CL_0_3_P,MARG_CL_0_3_M,MARG_CL_0_3_F,MARG_AL_0_3_P,MARG_AL_0_3_M,MARG_AL_0_3_F,MARG_HH_0_3_P,MARG_HH_0_3_M,MARG_HH_0_3_F,MARG_OT_0_3_P,MARG_OT_0_3_M,MARG_OT_0_3_F,NON_WORK_P,NON_WORK_M,NON_WORK_F
1,10452,44060,23099,20961,5686,2993,2693,8216,4202,4014,1551,822,729,34931,18862,16069,9129,4237,4892,16351,12928,3423,15010,12179,2831,77,64,13,109,86,23,405,274,131,14419,11755,2664,1341,749,592,19,10,9,29,19,10,175,33,142,1118,687,431,1224,692,532,18,9,9,29,19,10,158,32,126,1019,632,387,117,57,60,1,1,0,0,0,0,17,1,16,99,55,44,27709,10171,17538
2,5933,25430,13125,12305,3054,1591,1463,3887,1985,1902,250,135,115,19673,10456,9217,5757,2669,3088,9765,6942,2823,8719,6530,2189,35,26,9,69,59,10,217,154,63,8398,6291,2107,1046,412,634,22,12,10,28,16,12,29,7,22,967,377,590,828,355,473,20,12,8,27,15,12,24,5,19,757,323,434,218,57,161,2,0,2,1,1,0,5,2,3,210,54,156,15665,6183,9482
3,5487,22592,11528,11064,2487,1347,1140,4846,2444,2402,247,127,120,17822,9347,8475,4770,2181,2589,8618,6279,2339,7951,5915,2036,17,14,3,35,23,12,230,152,78,7669,5726,1943,667,364,303,24,17,7,6,2,4,30,6,24,607,339,268,608,326,282,22,15,7,6,2,4,24,4,20,556,305,251,59,38,21,2,2,0,0,0,0,6,2,4,51,34,17,13974,5249,8725
4,5906,24678,12830,11848,2586,1367,1219,3478,1744,1734,514,269,245,20472,10849,9623,4206,1981,2225,9434,7067,2367,8545,6521,2024,36,31,5,13,11,2,185,91,94,8311,6388,1923,889,546,343,23,14,9,8,3,5,66,18,48,792,511,281,826,511,315,23,14,9,7,3,4,60,13,47,736,481,255,63,35,28,0,0,0,1,0,1,6,5,1,56,30,26,15244,5763,9481
5,4242,18490,9378,9112,1972,1023,949,5611,2801,2810,247,123,124,14333,7512,6821,4157,1866,2291,6985,5001,1984,6507,4700,1807,13,9,4,11,10,1,98,52,46,6385,4629,1756,478,301,177,6,3,3,2,1,1,10,5,5,460,292,168,405,260,145,6,3,3,0,0,0,9,5,4,390,252,138,73,41,32,0,0,0,2,1,1,1,0,1,70,40,30,11505,4377,7128
6,5241,26134,15086,11048,2315,1217,1098,5419,2885,2534,563,376,187,20464,12316,8148,5670,2770,2900,8885,6972,1913,8581,6767,1814,56,44,12,48,44,4,235,181,54,8242,6498,1744,304,205,99,9,4,5,3,3,0,11,6,5,281,192,89,251,183,68,8,3,5,3,3,0,10,6,4,230,171,59,53,22,31,1,1,0,0,0,0,1,0,1,51,21,30,17249,8114,9135
7,8764,33810,17610,16200,3694,1865,1829,5560,2795,2765,276,148,128,26926,14337,12589,6884,3273,3611,13679,9923,3756,11892,8661,3231,106,83,23,58,39,19,444,309,135,11284,8230,3054,1787,1262,525,35,19,16,10,8,2,62,27,35,1680,1208,472,1433,986,447,35,19,16,9,7,2,45,21,24,1344,939,405,354,276,78,0,0,0,1,1,0,17,6,11,336,269,67,20131,7687,12444
8,9598,37947,20290,17657,4993,2645,2348,3732,1907,1825,271,146,125,29477,16249,13228,8470,4041,4429,15066,11653,3413,13788,10847,2941,125,92,33,100,72,28,376,244,132,13187,10439,2748,1278,806,472,48,28,20,7,2,5,48,20,28,1175,756,419,1104,678,426,47,27,20,4,1,3,44,17,27,1009,633,376,174,128,46,1,1,0,3,1,2,4,3,1,166,123,43,22881,8637,14244
9,5953,24332,13030,11302,3299,1788,1511,3269,1694,1575,364,201,163,18557,10238,8319,5775,2792,2983,9083,7264,1819,8439,6923,1516,83,61,22,26,19,7,234,131,103,8096,6712,1384,644,341,303,19,14,5,9,4,5,30,15,15,586,308,278,579,306,273,18,13,5,9,4,5,27,13,14,525,276,249,65,35,30,1,1,0,0,0,0,3,2,1,61,32,29,15249,5766,9483
10,5850,24433,12814,11619,2695,1433,1262,2482,1249,1233,128,69,59,19695,10563,9132,4738,2251,2487,9548,7100,2448,8744,6656,2088,45,35,10,36,33,3,450,150,300,8213,6438,1775,804,444,360,14,5,9,3,2,1,23,9,14,764,428,336,711,383,328,14,5,9,1,1,0,22,9,13,674,368,306,93,61,32,0,0,0,2,1,1,1,0,1,90,60,30,14885,5714,9171
11,7831,32731,17179,15552,4217,2216,2001,4179,2132,2047,423,216,207,25917,13948,11969,6814,3231,3583,12363,9583,2780,11582,9127,2455,39,30,9,60,40,20,451,305,146,11032,8752,2280,781,456,325,19,10,9,16,8,8,35,18,17,711,420,291,698,410,288,19,10,9,16,8,8,33,17,16,630,375,255,83,46,37,0,0,0,0,0,0,2,1,1,81,45,36,20368,7596,12772
12,6250,25865,13587,12278,2666,1409,1257,2074,1047,1027,270,145,125,21213,11296,9917,4652,2291,2361,10307,7781,2526,9634,7439,2195,37,31,6,35,31,4,273,196,77,9289,7181,2108,673,342,331,26,16,10,6,4,2,46,25,21,595,297,298,604,298,306,23,14,9,6,4,2,35,17,18,540,263,277,69,44,25,3,2,1,0,0,0,11,8,3,55,34,21,15558,5806,9752
13,6493,25272,13101,12171,2491,1320,1171,1591,804,787,100,56,44,21213,11044,10169,4059,2057,2002,9878,7091,2787,9295,6782,2513,72,60,12,70,52,18,242,146,96,8911,6524,2387,583,309,274,20,10,10,7,1,6,62,18,44,494,280,214,497,262,235,17,9,8,5,0,5,37,11,26,438,242,196,86,47,39,3,1,2,2,1,1,25,7,18,56,38,18,15394,6010,9384
14,4361,18483,9390,9093,1803,947,856,4025,2006,2019,233,134,99,15304,7991,7313,3179,1399,1780,7048,5112,1936,6684,4901,1783,12,8,4,17,16,1,85,44,41,6570,4833,1737,364,211,153,11,4,7,1,1,0,14,4,10,338,202,136,323,190,133,11,4,7,1,1,0,10,2,8,301,183,118,41,21,20,0,0,0,0,0,0,4,2,2,37,19,18,11435,4278,7157
15,3944,16691,8449,8242,1639,872,767,4036,1987,2049,197,99,98,14180,7366,6814,2511,1083,1428,5846,4437,1409,5454,4217,1237,13,8,5,11,6,5,114,75,39,5316,4128,1188,392,220,172,5,3,2,1,1,0,18,4,14,368,212,156,327,184,143,5,3,2,1,1,0,13,3,10,308,177,131,65,36,29,0,0,0,0,0,0,5,1,4,60,35,25,10845,4012,6833
16,3382,15724,8044,7680,1586,834,752,4036,1973,2063,373,183,190,12408,6534,5874,3316,1510,1806,5809,3890,1919,5434,3700,1734,12,7,5,6,2,4,82,47,35,5334,3644,1690,375,190,185,14,8,6,6,2,4,17,10,7,338,170,168,337,165,172,14,8,6,5,2,3,17,10,7,301,145,156,38,25,13,0,0,0,1,0,1,0,0,0,37,25,12,9915,4154,5761
17,3330,15990,7986,8004,1709,883,826,3652,1760,1892,138,68,70,12573,6507,6066,3417,1479,1938,5764,4235,1529,5144,3891,1253,17,8,9,17,13,4,386,252,134,4724,3618,1106,620,344,276,26,9,17,3,2,1,46,23,23,545,310,235,545,295,250,25,9,16,3,2,1,32,15,17,485,269,216,75,49,26,1,0,1,0,0,0,14,8,6,60,41,19,10226,3751,6475
18,3183,14960,7506,7454,1709,910,799,4466,2218,2248,68,39,29,11144,5849,5295,3816,1657,2159,5309,3912,1397,4734,3525,1209,18,14,4,18,9,9,72,45,27,4626,3457,1169,575,387,188,9,2,7,1,0,1,17,8,9,548,377,171,489,331,158,9,2,7,1,0,1,11,5,6,468,324,144,86,56,30,0,0,0,0,0,0,6,3,3,80,53,27,9651,3594,6057
19,3607,17702,8969,8733,2251,1155,1096,3618,1808,1810,113,60,53,12933,6908,6025,4769,2061,2708,6225,4675,1550,5784,4393,1391,15,12,3,17,13,4,194,101,93,5558,4267,1291,441,282,159,6,3,3,3,2,1,23,9,14,409,268,141,314,202,112,6,3,3,3,2,1,20,7,13,285,190,95,127,80,47,0,0,0,0,0,0,3,2,1,124,78,46,11477,4294,7183
20,3780,18332,9333,8999,2411,1212,1199,6187,3071,3116,144,77,67,13195,7162,6033,5137,2171,2966,6600,4880,1720,6011,4577,1434,16,10,6,81,62,19,363,200,163,5551,4305,1246,589,303,286,6,2,4,18,9,9,38,17,21,527,275,252,420,243,177,6,2,4,17,9,8,33,14,19,364,218,146,169,60,109,0,0,0,1,0,1,5,3,2,163,57,106,11732,4453,7279
21,3878,17865,9299,8566,2074,1079,995,3225,1607,1618,304,158,146,13723,7549,6174,4142,1750,2392,6280,5014,1266,5856,4823,1033,34,32,2,91,63,28,181,131,50,5550,4597,953,424,191,233,8,5,3,20,8,12,20,4,16,376,174,202,246,146,100,8,5,3,19,8,11,11,2,9,208,131,77,178,45,133,0,0,0,1,0,1,9,2,7,168,43,125,11585,4285,7300
22,3837,18071,9129,8942,1999,1026,973,5011,2532,2479,225,111,114,13348,7132,6216,4723,1997,2726,6590,4774,1816,6099,4484,1615,16,10,6,21,14,7,210,134,76,5852,4326,1526,491,290,201,11,7,4,7,4,3,32,12,20,441,267,174,274,154,120,11,7,4,5,3,2,10,3,7,248,141,107,217,136,81,0,0,0,2,1,1,22,9,13,193,126,67,11481,4355,7126
23,3631,15744,7666,8078,1296,693,603,1698,839,859,608,284,324,12976,6490,6486,2768,1176,1592,6002,4162,1840,5766,4050,1716,15,12,3,26,12,14,142,61,81,5583,3965,1618,236,112,124,18,6,12,3,1,2,22,6,16,193,99,94,197,98,99,18,6,12,2,1,1,15,6,9,162,85,77,39,14,25,0,0,0,1,0,1,7,0,7,31,14,17,9742,3504,6238
24,4283,17876,8926,8950,1720,892,828,3466,1667,1799,188,88,100,14917,7572,7345,2959,1354,1605,6750,4746,2004,6362,4517,1845,21,15,6,53,34,19,150,81,69,6138,4387,1751,388,229,159,14,6,8,2,1,1,25,10,15,347,212,135,333,194,139,14,6,8,2,1,1,22,9,13,295,178,117,55,35,20,0,0,0,0,0,0,3,1,2,52,34,18,11126,4180,6946
25,3563,15834,7905,7929,1637,831,806,3748,1828,1920,226,110,116,12705,6639,6066,3129,1266,1863,5783,4284,1499,5544,4135,1409,8,4,4,12,6,6,315,139,176,5209,3986,1223,239,149,90,4,1,3,0,0,0,11,5,6,224,143,81,194,118,76,4,1,3,0,0,0,5,0,5,185,117,68,45,31,14,0,0,0,0,0,0,6,5,1,39,26,13,10051,3621,6430
26,3868,16240,8141,8099,1539,770,769,4529,2237,2292,282,138,144,13454,6968,6486,2786,1173,1613,6317,4363,1954,5859,4092,1767,35,17,18,29,12,17,141,76,65,5654,3987,1667,458,271,187,13,8,5,1,0,1,14,7,7,430,256,174,410,242,168,13,8,5,1,0,1,10,4,6,386,230,156,48,29,19,0,0,0,0,0,0,4,3,1,44,26,18,9923,3778,6145
27,4555,17766,8934,8832,1745,918,827,2016,1029,987,359,187,172,14843,7607,7236,2923,1327,1596,7757,5103,2654,7034,4811,2223,93,58,35,44,28,16,283,164,119,6614,4561,2053,723,292,431,19,9,10,6,2,4,43,13,30,655,268,387,666,274,392,18,8,10,5,2,3,29,9,20,614,255,359,57,18,39,1,1,0,1,0,1,14,4,10,41,13,28,10009,3831,6178
28,8142,31972,16781,15191,3995,2051,1944,2791,1415,1376,294,157,137,24888,13529,11359,7084,3252,3832,13195,9460,3735,12425,9050,3375,196,156,40,56,40,16,222,129,93,11951,8725,3226,770,410,360,27,9,18,9,3,6,22,5,17,712,393,319,710,379,331,24,8,16,9,3,6,17,3,14,660,365,295,60,31,29,3,1,2,0,0,0,5,2,3,52,28,24,18777,7321,11456
29,6120,23994,12422,11572,3002,1551,1451,2198,1137,1061,984,498,486,18960,10120,8840,5034,2302,2732,10043,7226,2817,8994,6682,2312,65,46,19,70,49,21,206,117,89,8653,6470,2183,1049,544,505,13,4,9,16,8,8,96,20,76,924,512,412,900,465,435,13,4,9,15,8,7,48,6,42,824,447,377,149,79,70,0,0,0,1,0,1,48,14,34,100,65,35,13951,5196,8755
30,6017,24574,12618,11956,3195,1656,1539,3542,1802,1740,426,222,204,17970,9585,8385,6604,3033,3571,9940,7062,2878,9177,6605,2572,51,37,14,23,14,9,181,118,63,8922,6436,2486,763,457,306,19,9,10,3,2,1,21,11,10,720,435,285,694,423,271,18,8,10,3,2,1,15,10,5,658,403,255,69,34,35,1,1,0,0,0,0,6,1,5,62,32,30,14634,5556,9078
31,4158,15205,7573,7632,1121,572,549,967,501,466,57,30,27,13462,6748,6714,1743,825,918,6229,4213,2016,6041,4126,1915,20,14,6,25,16,9,126,76,50,5870,4020,1850,188,87,101,3,1,2,2,0,2,6,1,5,177,85,92,167,74,93,3,1,2,1,0,1,5,1,4,158,72,86,21,13,8,0,0,0,1,0,1,1,0,1,19,13,6,8976,3360,5616
32,4326,17663,8972,8691,1567,808,759,4653,2321,2332,533,283,250,14724,7726,6998,2939,1246,1693,6977,4896,2081,6747,4758,1989,12,8,4,14,6,8,129,65,64,6592,4679,1913,230,138,92,4,0,4,2,2,0,5,3,2,219,133,86,205,122,83,4,0,4,2,2,0,4,2,2,195,118,77,25,16,9,0,0,0,0,0,0,1,1,0,24,15,9,10686,4076,6610
33,4482,20138,10242,9896,2072,1056,1016,2268,1130,1138,277,135,142,15712,8443,7269,4426,1799,2627,7945,5693,2252,7308,5210,2098,24,13,11,31,25,6,297,166,131,6956,5006,1950,637,483,154,8,3,5,1,0,1,16,7,9,612,473,139,450,318,132,8,3,5,1,0,1,8,5,3,433,310,123,187,165,22,0,0,0,0,0,0,8,2,6,179,163,16,12193,4549,7644
34,3541,14892,7386,7506,931,514,417,1650,838,812,117,66,51,13334,6641,6693,1558,745,813,5243,3653,1590,5069,3561,1508,18,16,2,7,5,2,159,88,71,4885,3452,1433,174,92,82,3,2,1,0,0,0,1,1,0,170,89,81,149,76,73,2,1,1,0,0,0,0,0,0,147,75,72,25,16,9,1,1,0,0,0,0,1,1,0,23,14,9,9649,3733,5916
35,3477,14669,7534,7135,1024,593,431,938,530,408,237,141,96,13002,6748,6254,1667,786,881,5257,3707,1550,4680,3463,1217,31,24,7,17,14,3,309,221,88,4323,3204,1119,577,244,333,9,6,3,2,1,1,21,8,13,545,229,316,538,223,315,8,5,3,2,1,1,16,6,10,512,211,301,39,21,18,1,1,0,0,0,0,5,2,3,33,18,15,9412,3827,5585
36,2574,12603,6356,6247,1071,543,528,2251,1124,1127,151,78,73,9729,5163,4566,2874,1193,1681,4096,2759,1337,3413,2438,975,21,14,7,14,10,4,137,82,55,3241,2332,909,683,321,362,18,15,3,1,1,0,11,5,6,653,300,353,599,276,323,18,15,3,1,1,0,7,4,3,573,256,317,84,45,39,0,0,0,0,0,0,4,1,3,80,44,36,8507,3597,4910
37,3395,15380,7994,7386,1751,918,833,5398,2718,2680,350,188,162,11391,6276,5115,3989,1718,2271,5924,4299,1625,5349,3967,1382,16,10,6,30,11,19,121,67,54,5182,3879,1303,575,332,243,14,8,6,5,0,5,20,4,16,536,320,216,467,268,199,14,8,6,4,0,4,13,2,11,436,258,178,108,64,44,0,0,0,1,0,1,7,2,5,100,62,38,9456,3695,5761
38,3219,14096,7068,7028,1289,670,619,4740,2362,2378,223,110,113,10696,5620,5076,3400,1448,1952,5399,3790,1609,4761,3392,1369,5,3,2,20,16,4,125,79,46,4611,3294,1317,638,398,240,11,7,4,4,2,2,5,4,1,618,385,233,579,360,219,11,7,4,4,2,2,3,2,1,561,349,212,59,38,21,0,0,0,0,0,0,2,2,0,57,36,21,8697,3278,5419
39,3361,14447,7231,7216,1322,693,629,2883,1420,1463,251,141,110,11595,5954,5641,2852,1277,1575,5271,3893,1378,4961,3694,1267,5,5,0,13,9,4,110,67,43,4833,3613,1220,310,199,111,10,6,4,3,2,1,15,4,11,282,187,95,266,167,99,10,6,4,1,1,0,7,1,6,248,159,89,44,32,12,0,0,0,2,1,1,8,3,5,34,28,6,9176,3338,5838
40,3611,14685,7446,7239,1370,701,669,2894,1468,1426,210,134,76,11341,5913,5428,3344,1533,1811,5807,4102,1705,5446,3892,1554,19,16,3,12,7,5,139,63,76,5276,3806,1470,361,210,151,21,10,11,6,4,2,17,5,12,317,191,126,320,187,133,21,10,11,6,4,2,13,3,10,280,170,110,41,23,18,0,0,0,0,0,0,4,2,2,37,21,16,8878,3344,5534
41,4483,19153,9924,9229,2316,1184,1132,2316,1162,1154,228,120,108,14664,7955,6709,4489,1969,2520,7764,5643,2121,7187,5309,1878,93,64,29,114,58,56,269,150,119,6711,5037,1674,577,334,243,27,13,14,24,9,15,31,8,23,495,304,191,525,303,222,27,13,14,21,8,13,23,6,17,454,276,178,52,31,21,0,0,0,3,1,2,8,2,6,41,28,13,11389,4281,7108
42,11017,40932,21668,19264,5136,2698,2438,3539,1833,1706,454,237,217,32053,17207,14846,8879,4461,4418,18793,13478,5315,17846,12933,4913,122,101,21,166,108,58,294,204,90,17264,12520,4744,947,545,402,43,24,19,7,4,3,27,13,14,870,504,366,851,490,361,41,23,18,7,4,3,20,8,12,783,455,328,96,55,41,2,1,1,0,0,0,7,5,2,87,49,38,22139,8190,13949
43,6787,29733,15435,14298,4228,2170,2058,6898,3503,3395,398,204,194,20265,11355,8910,9468,4080,5388,11538,8582,2956,10828,8177,2651,47,30,17,237,147,90,493,316,177,10051,7684,2367,710,405,305,15,6,9,55,6,49,41,11,30,599,382,217,610,354,256,15,6,9,55,6,49,31,9,22,509,333,176,100,51,49,0,0,0,0,0,0,10,2,8,90,49,41,18195,6853,11342
44,6437,27453,14289,13164,3176,1649,1527,5893,2933,2960,289,158,131,21450,11616,9834,6003,2673,3330,10538,8051,2487,9908,7710,2198,44,37,7,42,27,15,173,122,51,9649,7524,2125,630,341,289,7,2,5,7,2,5,25,9,16,591,328,263,504,280,224,7,2,5,5,2,3,18,6,12,474,270,204,126,61,65,0,0,0,2,0,2,7,3,4,117,58,59,16915,6238,10677
45,7107,30023,15526,14497,3213,1722,1491,5752,2866,2886,246,130,116,23933,12922,11011,6090,2604,3486,11471,8661,2810,10665,8266,2399,44,40,4,58,41,17,254,170,84,10309,8015,2294,806,395,411,21,9,12,6,0,6,37,14,23,742,372,370,689,322,367,20,9,11,4,0,4,26,10,16,639,303,336,117,73,44,1,0,1,2,0,2,11,4,7,103,69,34,18552,6865,11687
46,3194,14736,7418,7318,1034,536,498,1888,959,929,186,111,75,13011,6634,6377,1725,784,941,5427,3782,1645,5170,3620,1550,12,9,3,21,17,4,177,129,48,4960,3465,1495,257,162,95,6,3,3,0,0,0,15,5,10,236,154,82,180,101,79,6,3,3,0,0,0,8,3,5,166,95,71,77,61,16,0,0,0,0,0,0,7,2,5,70,59,11,9309,3636,5673
47,3005,14192,7077,7115,1391,703,688,2290,1137,1153,247,120,127,11580,5994,5586,2612,1083,1529,5044,3811,1233,4791,3673,1118,10,5,5,6,1,5,230,152,78,4545,3515,1030,253,138,115,8,5,3,0,0,0,23,11,12,222,122,100,204,111,93,8,5,3,0,0,0,16,8,8,180,98,82,49,27,22,0,0,0,0,0,0,7,3,4,42,24,18,9148,3266,5882
48,3750,16440,8222,8218,1501,804,697,1821,886,935,146,66,80,13880,7106,6774,2560,1116,1444,5880,4391,1489,5621,4239,1382,24,19,5,17,13,4,298,175,123,5282,4032,1250,259,152,107,5,2,3,1,0,1,13,4,9,240,146,94,215,122,93,5,2,3,1,0,1,9,2,7,200,118,82,44,30,14,0,0,0,0,0,0,4,2,2,40,28,12,10560,3831,6729
49,3833,18701,9786,8915,2076,1054,1022,4612,2312,2300,148,72,76,13792,7637,6155,4909,2149,2760,7149,5577,1572,6868,5419,1449,14,11,3,12,8,4,358,201,157,6484,5199,1285,281,158,123,4,0,4,6,2,4,31,18,13,240,138,102,212,117,95,4,0,4,6,2,4,22,9,13,180,106,74,69,41,28,0,0,0,0,0,0,9,9,0,60,32,28,11552,4209,7343
50,3848,15943,7943,8000,1199,600,599,179,92,87,127,60,67,13838,6956,6882,2105,987,1118,6103,4385,1718,5774,4198,1576,13,11,2,17,13,4,232,125,107,5512,4049,1463,329,187,142,10,4,6,3,0,3,26,7,19,290,176,114,309,174,135,9,4,5,3,0,3,25,7,18,272,163,109,20,13,7,1,0,1,0,0,0,1,0,1,18,13,5,9840,3558,6282
51,3780,13824,6772,7052,834,438,396,118,54,64,31,13,18,12475,6096,6379,1349,676,673,5428,3643,1785,5211,3539,1672,24,16,8,17,13,4,271,160,111,4899,3350,1549,217,104,113,13,6,7,3,0,3,19,2,17,182,96,86,189,92,97,12,5,7,3,0,3,13,1,12,161,86,75,28,12,16,1,1,0,0,0,0,6,1,5,21,10,11,8396,3129,5267
52,3232,12273,6057,6216,720,360,360,122,65,57,305,160,145,10833,5366,5467,1440,691,749,4741,3212,1529,4567,3126,1441,11,8,3,4,3,1,142,73,69,4410,3042,1368,174,86,88,0,0,0,1,0,1,6,4,2,167,82,85,149,71,78,0,0,0,1,0,1,6,4,2,142,67,75,25,15,10,0,0,0,0,0,0,0,0,0,25,15,10,7532,2845,4687
53,3531,16120,8238,7882,1228,660,568,3003,1470,1533,219,105,114,13714,7267,6447,2406,971,1435,6287,4053,2234,5160,3490,1670,28,17,11,20,11,9,261,149,112,4851,3313,1538,1127,563,564,21,11,10,9,6,3,26,12,14,1071,534,537,1065,526,539,21,11,10,7,4,3,23,10,13,1014,501,513,62,37,25,0,0,0,2,2,0,3,2,1,57,33,24,9833,4185,5648
54,3681,16690,8393,8297,1931,990,941,1809,933,876,117,65,52,11608,6435,5173,5082,1958,3124,7157,4812,2345,6890,4669,2221,5,3,2,15,12,3,72,41,31,6798,4613,2185,267,143,124,3,2,1,2,1,1,7,2,5,255,138,117,250,133,117,3,2,1,2,1,1,7,2,5,238,128,110,17,10,7,0,0,0,0,0,0,0,0,0,17,10,7,9533,3581,5952
55,3084,14614,7276,7338,1486,764,722,1750,848,902,143,75,68,11197,5943,5254,3417,1333,2084,5611,3988,1623,5445,3909,1536,18,7,11,7,5,2,150,85,65,5270,3812,1458,166,79,87,9,5,4,1,0,1,10,4,6,146,70,76,154,71,83,9,5,4,1,0,1,9,3,6,135,63,72,12,8,4,0,0,0,0,0,0,1,1,0,11,7,4,9003,3288,5715
56,3910,15228,7453,7775,903,451,452,658,328,330,83,44,39,13565,6701,6864,1663,752,911,5805,3826,1979,5663,3765,1898,17,12,5,8,4,4,144,68,76,5494,3681,1813,142,61,81,2,1,1,0,0,0,9,2,7,131,58,73,122,51,71,1,1,0,0,0,0,8,2,6,113,48,65,20,10,10,1,0,1,0,0,0,1,0,1,18,10,8,9423,3627,5796
57,4298,18064,9316,8748,1869,985,884,1845,939,906,169,90,79,13458,7358,6100,4606,1958,2648,8009,5230,2779,7772,5104,2668,21,15,6,20,11,9,197,108,89,7534,4970,2564,237,126,111,6,2,4,0,0,0,10,1,9,221,123,98,185,96,89,6,2,4,0,0,0,6,0,6,173,94,79,52,30,22,0,0,0,0,0,0,4,1,3,48,29,19,10055,4086,5969
58,5282,20244,10557,9687,1500,797,703,951,498,453,81,45,36,17496,9260,8236,2748,1297,1451,8178,5606,2572,7690,5339,2351,50,41,9,115,90,25,196,120,76,7329,5088,2241,488,267,221,23,15,8,34,19,15,33,22,11,398,211,187,419,224,195,22,14,8,28,17,11,28,19,9,341,174,167,69,43,26,1,1,0,6,2,4,5,3,2,57,37,20,12066,4951,7115
59,7185,29109,15287,13822,4008,2050,1958,2471,1266,1205,280,144,136,21185,11775,9410,7924,3512,4412,12729,8726,4003,12196,8453,3743,39,30,9,64,40,24,223,80,143,11870,8303,3567,533,273,260,9,3,6,2,1,1,9,2,7,513,267,246,449,231,218,9,3,6,2,1,1,7,1,6,431,226,205,84,42,42,0,0,0,0,0,0,2,1,1,82,41,41,16380,6561,9819
60,5167,19342,9796,9546,1833,943,890,1820,917,903,97,55,42,15319,7864,7455,4023,1932,2091,8219,5349,2870,7794,5142,2652,19,14,5,53,36,17,181,88,93,7541,5004,2537,425,207,218,9,3,6,4,1,3,15,5,10,397,198,199,367,177,190,9,3,6,2,1,1,8,2,6,348,171,177,58,30,28,0,0,0,2,0,2,7,3,4,49,27,22,11123,4447,6676
61,10204,37509,19755,17754,3820,1950,1870,1696,886,810,317,182,135,31070,16513,14557,6439,3242,3197,15997,11194,4803,15510,10941,4569,42,37,5,88,60,28,276,170,106,15104,10674,4430,487,253,234,13,10,3,4,2,2,8,3,5,462,238,224,401,202,199,13,10,3,3,2,1,6,3,3,379,187,192,86,51,35,0,0,0,1,0,1,2,0,2,83,51,32,21512,8561,12951
62,8825,33045,17007,16038,3075,1630,1445,1765,925,840,184,103,81,27804,14427,13377,5241,2580,2661,14011,9621,4390,13275,9255,4020,39,27,12,75,48,27,210,111,99,12951,9069,3882,736,366,370,17,8,9,5,3,2,13,4,9,701,351,350,696,342,354,17,8,9,5,3,2,11,2,9,663,329,334,40,24,16,0,0,0,0,0,0,2,2,0,38,22,16,19034,7386,11648
63,4564,18796,9753,9043,1794,962,832,1754,912,842,147,80,67,15411,8230,7181,3385,1523,1862,7487,5442,2045,6973,5162,1811,36,27,9,18,12,6,110,56,54,6809,5067,1742,514,280,234,13,8,5,5,4,1,18,8,10,478,260,218,439,246,193,12,7,5,4,4,0,14,8,6,409,227,182,75,34,41,1,1,0,1,0,1,4,0,4,69,33,36,11309,4311,6998
64,5277,20022,10279,9743,1597,876,721,970,510,460,312,155,157,17162,8891,8271,2860,1388,1472,8041,5631,2410,7693,5441,2252,42,37,5,22,14,8,273,150,123,7356,5240,2116,348,190,158,8,3,5,2,1,1,38,7,31,300,179,121,293,154,139,8,3,5,2,1,1,38,7,31,245,143,102,55,36,19,0,0,0,0,0,0,0,0,0,55,36,19,11981,4648,7333
65,3678,13200,6585,6615,725,371,354,837,436,401,25,16,9,11776,5866,5910,1424,719,705,5243,3420,1823,5040,3315,1725,10,9,1,10,6,4,65,30,35,4955,3270,1685,203,105,98,11,9,2,2,1,1,5,2,3,185,93,92,190,96,94,11,9,2,2,1,1,5,2,3,172,84,88,13,9,4,0,0,0,0,0,0,0,0,0,13,9,4,7957,3165,4792
66,4542,17087,8459,8628,1200,612,588,647,319,328,96,55,41,14713,7278,7435,2374,1181,1193,7152,4628,2524,6934,4519,2415,17,12,5,5,5,0,204,91,113,6708,4411,2297,218,109,109,10,5,5,0,0,0,14,6,8,194,98,96,187,94,93,9,5,4,0,0,0,13,6,7,165,83,82,31,15,16,1,0,1,0,0,0,1,0,1,29,15,14,9935,3831,6104
67,3253,12909,6018,6891,876,439,437,489,217,272,65,28,37,11370,5345,6025,1539,673,866,5022,3305,1717,4696,3170,1526,16,13,3,10,8,2,219,130,89,4451,3019,1432,326,135,191,4,2,2,2,0,2,42,13,29,278,120,158,284,122,162,3,1,2,2,0,2,35,12,23,244,109,135,42,13,29,1,1,0,0,0,0,7,1,6,34,11,23,7887,2713,5174
68,3098,12659,6232,6427,928,490,438,1381,670,711,86,40,46,10675,5353,5322,1984,879,1105,4981,3286,1695,4690,3146,1544,18,14,4,19,12,7,148,70,78,4505,3050,1455,291,140,151,10,8,2,2,1,1,29,11,18,250,120,130,233,112,121,9,7,2,1,0,1,25,9,16,198,96,102,58,28,30,1,1,0,1,1,0,4,2,2,52,24,28,7678,2946,4732
69,3306,12438,6065,6373,690,361,329,90,43,47,18,9,9,11301,5495,5806,1137,570,567,4930,3285,1645,4779,3211,1568,11,7,4,12,8,4,136,63,73,4620,3133,1487,151,74,77,8,4,4,1,0,1,6,4,2,136,66,70,136,67,69,8,4,4,1,0,1,5,4,1,122,59,63,15,7,8,0,0,0,0,0,0,1,0,1,14,7,7,7508,2780,4728
70,2742,10752,5314,5438,642,351,291,173,89,84,32,15,17,9687,4849,4838,1065,465,600,4170,2983,1187,3969,2871,1098,19,12,7,12,9,3,308,187,121,3630,2663,967,201,112,89,8,5,3,1,0,1,22,6,16,170,101,69,180,98,82,8,5,3,1,0,1,20,6,14,151,87,64,21,14,7,0,0,0,0,0,0,2,0,2,19,14,5,6582,2331,4251
71,2818,12741,6090,6651,962,510,452,489,113,376,27,12,15,10481,5399,5082,2260,691,1569,4520,3503,1017,4278,3403,875,13,9,4,11,10,1,209,125,84,4045,3259,786,242,100,142,14,3,11,3,1,2,21,8,13,204,88,116,197,88,109,13,3,10,3,1,2,14,7,7,167,77,90,45,12,33,1,0,1,0,0,0,7,1,6,37,11,26,8221,2587,5634
72,3380,14871,7506,7365,1162,614,548,288,143,145,133,62,71,12912,6650,6262,1959,856,1103,5473,4169,1304,5324,4081,1243,5,2,3,13,9,4,386,219,167,4920,3851,1069,149,88,61,5,3,2,3,2,1,19,6,13,122,77,45,117,68,49,5,3,2,2,1,1,13,4,9,97,60,37,32,20,12,0,0,0,1,1,0,6,2,4,25,17,8,9398,3337,6061
73,3467,15953,7962,7991,1327,697,630,800,391,409,132,65,67,13854,7034,6820,2099,928,1171,5702,4382,1320,5588,4330,1258,6,4,2,20,12,8,137,77,60,5425,4237,1188,114,52,62,2,1,1,3,1,2,11,2,9,98,48,50,94,42,52,1,1,0,2,0,2,9,2,7,82,39,43,20,10,10,1,0,1,1,1,0,2,0,2,16,9,7,10251,3580,6671
74,3219,15586,7631,7955,1499,761,738,5509,2644,2865,102,60,42,12523,6441,6082,3063,1190,1873,5386,4020,1366,4594,3516,1078,13,6,7,20,15,5,57,36,21,4504,3459,1045,792,504,288,19,8,11,5,4,1,6,6,0,762,486,276,666,421,245,19,8,11,5,4,1,5,5,0,637,404,233,126,83,43,0,0,0,0,0,0,1,1,0,125,82,43,10200,3611,6589
75,3104,15272,7484,7788,1479,788,691,2526,1224,1302,11,3,8,12660,6375,6285,2612,1109,1503,5189,3978,1211,5011,3863,1148,11,8,3,9,5,4,89,62,27,4902,3788,1114,178,115,63,6,3,3,0,0,0,12,5,7,160,107,53,147,90,57,6,3,3,0,0,0,8,1,7,133,86,47,31,25,6,0,0,0,0,0,0,4,4,0,27,21,6,10083,3506,6577
76,3409,17454,8847,8607,2058,1073,985,2621,1285,1336,27,17,10,12957,6963,5994,4497,1884,2613,6262,4867,1395,5861,4629,1232,17,13,4,13,7,6,173,74,99,5658,4535,1123,401,238,163,2,1,1,1,1,0,39,15,24,359,221,138,369,213,156,2,1,1,1,1,0,39,15,24,327,196,131,32,25,7,0,0,0,0,0,0,0,0,0,32,25,7,11192,3980,7212
77,3545,17270,8585,8685,1689,899,790,943,467,476,92,40,52,13898,7168,6730,3372,1417,1955,6674,4789,1885,6445,4662,1783,55,33,22,14,9,5,628,238,390,5748,4382,1366,229,127,102,10,4,6,5,2,3,19,3,16,195,118,77,202,107,95,10,4,6,4,1,3,12,2,10,176,100,76,27,20,7,0,0,0,1,1,0,7,1,6,19,18,1,10596,3796,6800
78,2993,14997,7506,7491,1498,756,742,1124,569,555,30,16,14,12422,6374,6048,2575,1132,1443,5216,4152,1064,4982,4018,964,10,7,3,14,11,3,250,145,105,4708,3855,853,234,134,100,4,2,2,3,2,1,40,16,24,187,114,73,198,110,88,4,2,2,3,2,1,31,12,19,160,94,66,36,24,12,0,0,0,0,0,0,9,4,5,27,20,7,9781,3354,6427
79,3065,13707,6909,6798,1134,634,500,169,80,89,93,54,39,11803,6087,5716,1904,822,1082,5262,4039,1223,5127,3962,1165,14,11,3,16,12,4,508,316,192,4589,3623,966,135,77,58,6,3,3,2,0,2,17,9,8,110,65,45,109,59,50,6,3,3,2,0,2,14,7,7,87,49,38,26,18,8,0,0,0,0,0,0,3,2,1,23,16,7,8445,2870,5575
80,3528,13647,6805,6842,832,438,394,145,73,72,17,11,6,12216,6209,6007,1431,596,835,5226,3611,1615,5076,3535,1541,15,11,4,6,4,2,191,115,76,4864,3405,1459,150,76,74,2,2,0,0,0,0,25,11,14,123,63,60,134,69,65,2,2,0,0,0,0,20,8,12,112,59,53,16,7,9,0,0,0,0,0,0,5,3,2,11,4,7,8421,3194,5227
81,3412,13271,6599,6672,913,462,451,2483,1184,1299,93,42,51,11195,5692,5503,2076,907,1169,5063,3495,1568,4884,3394,1490,19,15,4,12,9,3,141,85,56,4712,3285,1427,179,101,78,7,4,3,0,0,0,30,19,11,142,78,64,119,58,61,7,4,3,0,0,0,10,3,7,102,51,51,60,43,17,0,0,0,0,0,0,20,16,4,40,27,13,8208,3104,5104
82,3203,14026,6996,7030,1066,568,498,519,259,260,121,56,65,12011,6092,5919,2015,904,1111,5310,3791,1519,5099,3676,1423,28,26,2,24,20,4,171,93,78,4876,3537,1339,211,115,96,8,7,1,1,0,1,9,2,7,193,106,87,183,96,87,8,7,1,0,0,0,6,2,4,169,87,82,28,19,9,0,0,0,1,0,1,3,0,3,24,19,5,8716,3205,5511
83,2822,12547,6348,6199,1073,606,467,1523,754,769,123,65,58,10489,5380,5109,2058,968,1090,4657,3400,1257,4321,3223,1098,17,12,5,14,12,2,290,167,123,4000,3032,968,336,177,159,12,5,7,2,1,1,25,8,17,297,163,134,281,154,127,12,5,7,2,1,1,19,7,12,248,141,107,55,23,32,0,0,0,0,0,0,6,1,5,49,22,27,7890,2948,4942
84,3726,18332,9130,9202,1884,969,915,767,375,392,87,49,38,15106,7725,7381,3226,1405,1821,6675,4971,1704,6342,4796,1546,14,9,5,13,7,6,466,237,229,5849,4543,1306,333,175,158,15,6,9,0,0,0,80,18,62,238,151,87,291,154,137,15,6,9,0,0,0,63,13,50,213,135,78,42,21,21,0,0,0,0,0,0,17,5,12,25,16,9,11657,4159,7498
85,3132,15688,7779,7909,1661,852,809,3973,1893,2080,48,24,24,11902,6228,5674,3786,1551,2235,5840,4161,1679,5595,4018,1577,13,8,5,22,18,4,324,91,233,5236,3901,1335,245,143,102,6,4,2,1,0,1,31,8,23,207,131,76,222,130,92,6,4,2,0,0,0,28,7,21,188,119,69,23,13,10,0,0,0,1,0,1,3,1,2,19,12,7,9848,3618,6230
86,3671,18598,9128,9470,2403,1211,1192,4719,2220,2499,134,74,60,13482,6984,6498,5116,2144,2972,6766,4711,2055,6316,4462,1854,23,13,10,19,10,9,494,199,295,5780,4240,1540,450,249,201,23,12,11,2,1,1,58,17,41,367,219,148,405,224,181,23,12,11,2,1,1,54,17,37,326,194,132,45,25,20,0,0,0,0,0,0,4,0,4,41,25,16,11832,4417,7415
87,2808,14636,7402,7234,1843,945,898,2074,1033,1041,57,30,27,11015,5810,5205,3621,1592,2029,5344,4083,1261,5020,3893,1127,18,10,8,10,10,0,287,147,140,4705,3726,979,324,190,134,12,5,7,1,0,1,34,15,19,277,170,107,231,125,106,12,5,7,1,0,1,20,5,15,198,115,83,93,65,28,0,0,0,0,0,0,14,10,4,79,55,24,9292,3319,5973
88,3499,18491,9256,9235,2373,1208,1165,7899,3860,4039,21,11,10,13312,7152,6160,5179,2104,3075,6698,5010,1688,6449,4827,1622,17,14,3,22,15,7,203,110,93,6207,4688,1519,249,183,66,5,3,2,4,3,1,11,4,7,229,173,56,188,131,57,5,3,2,4,3,1,9,3,6,170,122,48,61,52,9,0,0,0,0,0,0,2,1,1,59,51,8,11793,4246,7547
89,5924,23689,11938,11751,2168,1140,1028,1748,886,862,205,103,102,20712,10572,10140,2977,1366,1611,9125,6767,2358,8827,6605,2222,40,29,11,34,23,11,232,164,68,8521,6389,2132,298,162,136,8,4,4,1,0,1,17,4,13,272,154,118,269,145,124,8,4,4,1,0,1,13,3,10,247,138,109,29,17,12,0,0,0,0,0,0,4,1,3,25,16,9,14564,5171,9393
90,4455,20519,10519,10000,2749,1470,1279,9153,4612,4541,252,130,122,14146,7816,6330,6373,2703,3670,7695,5723,1972,7384,5517,1867,16,10,6,37,26,11,257,145,112,7074,5336,1738,311,206,105,3,1,2,5,3,2,22,10,12,281,192,89,268,176,92,3,1,2,5,3,2,17,8,9,243,164,79,43,30,13,0,0,0,0,0,0,5,2,3,38,28,10,12824,4796,8028
91,5403,22367,11652,10715,2577,1394,1183,2098,1081,1017,115,65,50,18052,9677,8375,4315,1975,2340,8757,6573,2184,8466,6402,2064,55,41,14,40,20,20,379,219,160,7992,6122,1870,291,171,120,25,6,19,5,1,4,11,3,8,250,161,89,242,136,106,24,5,19,4,0,4,7,2,5,207,129,78,49,35,14,1,1,0,1,1,0,4,1,3,43,32,11,13610,5079,8531
92,5013,20509,10573,9936,2400,1283,1117,2476,1292,1184,108,56,52,16361,8672,7689,4148,1901,2247,7467,5765,1702,7133,5569,1564,40,31,9,43,27,16,161,103,58,6889,5408,1481,334,196,138,11,6,5,8,3,5,34,14,20,281,173,108,302,176,126,10,5,5,7,3,4,29,13,16,256,155,101,32,20,12,1,1,0,1,0,1,5,1,4,25,18,7,13042,4808,8234
93,7007,28638,15208,13430,3251,1784,1467,3044,1591,1453,477,300,177,23569,12847,10722,5069,2361,2708,10632,8495,2137,10198,8201,1997,143,129,14,74,57,17,270,150,120,9711,7865,1846,434,294,140,11,7,4,13,8,5,17,7,10,393,272,121,382,255,127,11,7,4,13,8,5,12,3,9,346,237,109,52,39,13,0,0,0,0,0,0,5,4,1,47,35,12,18006,6713,11293
94,5324,21840,11428,10412,2596,1376,1220,2011,1052,959,146,74,72,18192,9710,8482,3648,1718,1930,8074,6486,1588,7843,6338,1505,50,42,8,45,38,7,206,134,72,7542,6124,1418,231,148,83,5,3,2,3,3,0,19,5,14,204,137,67,202,127,75,5,3,2,2,2,0,17,5,12,178,117,61,29,21,8,0,0,0,1,1,0,2,0,2,26,20,6,13766,4942,8824
95,11096,44802,23620,21182,6276,3361,2915,5432,2814,2618,596,304,292,35066,18965,16101,9736,4655,5081,16061,13239,2822,15451,12881,2570,31,29,2,106,87,19,260,160,100,15054,12605,2449,610,358,252,14,7,7,20,6,14,31,8,23,545,337,208,553,324,229,13,6,7,16,6,10,26,7,19,498,305,193,57,34,23,1,1,0,4,0,4,5,1,4,47,32,15,28741,10381,18360
96,9982,44269,23099,21170,6596,3426,3170,4927,2565,2362,508,275,233,32093,17450,14643,12176,5649,6527,16288,12662,3626,15083,12103,2980,245,192,53,189,114,75,419,256,163,14230,11541,2689,1205,559,646,26,12,14,32,13,19,90,27,63,1057,507,550,1108,511,597,26,12,14,30,13,17,69,20,49,983,466,517,97,48,49,0,0,0,2,0,2,21,7,14,74,41,33,27981,10437,17544
97,7336,28491,14397,14094,2507,1310,1197,2222,1134,1088,331,184,147,24133,12329,11804,4358,2068,2290,10582,7710,2872,10133,7454,2679,101,40,61,53,37,16,221,162,59,9758,7215,2543,449,256,193,17,8,9,4,3,1,9,2,7,419,243,176,411,235,176,17,8,9,4,3,1,7,1,6,383,223,160,38,21,17,0,0,0,0,0,0,2,1,1,36,20,16,17909,6687,11222
98,3993,18311,9186,9125,1920,986,934,4658,2282,2376,240,126,114,13832,7215,6617,4479,1971,2508,7096,5068,2028,6476,4740,1736,18,11,7,10,8,2,147,56,91,6301,4665,1636,620,328,292,18,5,13,0,0,0,18,4,14,584,319,265,595,313,282,18,5,13,0,0,0,18,4,14,559,304,255,25,15,10,0,0,0,0,0,0,0,0,0,25,15,10,11215,4118,7097
99,4071,18474,9223,9251,2150,1072,1078,2959,1481,1478,193,94,99,13559,7117,6442,4915,2106,2809,6808,4910,1898,6404,4695,1709,29,18,11,16,13,3,206,122,84,6153,4542,1611,404,215,189,14,8,6,2,0,2,24,10,14,364,197,167,370,197,173,14,8,6,2,0,2,20,9,11,334,180,154,34,18,16,0,0,0,0,0,0,4,1,3,30,17,13,11666,4313,7353
100,4390,20279,10189,10090,1755,930,825,2679,1301,1378,289,131,158,16661,8529,8132,3618,1660,1958,7683,5620,2063,6921,5164,1757,49,33,16,37,23,14,481,166,315,6354,4942,1412,762,456,306,24,12,12,15,7,8,76,26,50,647,411,236,665,392,273,23,12,11,15,7,8,59,22,37,568,351,217,97,64,33,1,0,1,0,0,0,17,4,13,79,60,19,12596,4569,8027
101,3966,16389,8532,7857,1824,928,896,1342,664,678,180,101,79,12402,6837,5565,3987,1695,2292,7329,4946,2383,6599,4629,1970,27,22,5,29,21,8,231,124,107,6312,4462,1850,730,317,413,11,5,6,8,5,3,34,12,22,677,295,382,617,245,372,11,5,6,5,4,1,25,7,18,576,229,347,113,72,41,0,0,0,3,1,2,9,5,4,101,66,35,9060,3586,5474
102,3390,14725,7461,7264,1651,851,800,7678,3865,3813,146,78,68,10573,5683,4890,4152,1778,2374,6145,3986,2159,5460,3603,1857,37,22,15,26,18,8,303,144,159,5094,3419,1675,685,383,302,15,7,8,3,2,1,43,17,26,624,357,267,607,345,262,15,7,8,3,2,1,34,14,20,555,322,233,78,38,40,0,0,0,0,0,0,9,3,6,69,35,34,8580,3475,5105
103,3736,16730,8523,8207,1783,960,823,4252,2126,2126,150,72,78,12698,6721,5977,4032,1802,2230,6754,4682,2072,6136,4344,1792,29,23,6,43,40,3,216,112,104,5848,4169,1679,618,338,280,14,8,6,4,1,3,53,8,45,547,321,226,530,301,229,14,8,6,2,1,1,39,6,33,475,286,189,88,37,51,0,0,0,2,0,2,14,2,12,72,35,37,9976,3841,6135
104,5940,23399,11873,11526,2062,1104,958,3641,1810,1831,153,82,71,19087,9822,9265,4312,2051,2261,9787,6364,3423,9055,6006,3049,29,22,7,39,26,13,259,154,105,8728,5804,2924,732,358,374,23,10,13,13,6,7,59,21,38,637,321,316,646,318,328,23,10,13,9,5,4,51,20,31,563,283,280,86,40,46,0,0,0,4,1,3,8,1,7,74,38,36,13612,5509,8103
105,4680,17854,8556,9298,1129,574,555,424,198,226,80,37,43,15658,7553,8105,2196,1003,1193,6889,4444,2445,6515,4283,2232,18,9,9,28,16,12,128,77,51,6341,4181,2160,374,161,213,7,5,2,0,0,0,17,4,13,350,152,198,362,158,204,7,5,2,0,0,0,16,4,12,339,149,190,12,3,9,0,0,0,0,0,0,1,0,1,11,3,8,10965,4112,6853
106,5529,19993,9856,10137,1533,791,742,962,492,470,90,40,50,17255,8505,8750,2738,1351,1387,8465,5392,3073,7921,5136,2785,31,18,13,56,33,23,195,120,75,7639,4965,2674,544,256,288,14,6,8,16,10,6,50,14,36,464,226,238,489,236,253,13,6,7,12,7,5,34,11,23,430,212,218,55,20,35,1,0,1,4,3,1,16,3,13,34,14,20,11528,4464,7064
107,4772,18668,9537,9131,1742,904,838,1397,735,662,324,174,150,14636,7714,6922,4032,1823,2209,7908,5273,2635,7542,5063,2479,35,21,14,14,7,7,265,114,151,7228,4921,2307,366,210,156,14,12,2,3,1,2,22,8,14,327,189,138,328,186,142,14,12,2,3,1,2,20,7,13,291,166,125,38,24,14,0,0,0,0,0,0,2,1,1,36,23,13,10760,4264,6496
108,3485,12827,6441,6386,1258,664,594,1633,844,789,119,75,44,9751,4954,4797,3076,1487,1589,5562,3536,2026,5375,3444,1931,15,12,3,18,14,4,156,93,63,5186,3325,1861,187,92,95,8,6,2,2,0,2,17,10,7,160,76,84,154,78,76,8,6,2,2,0,2,13,8,5,131,64,67,33,14,19,0,0,0,0,0,0,4,2,2,29,12,17,7265,2905,4360
109,8936,35401,18565,16836,3998,2129,1869,2139,1134,1005,308,164,144,29002,15559,13443,6399,3006,3393,14390,10731,3659,13426,10204,3222,103,89,14,70,50,20,332,195,137,12921,9870,3051,964,527,437,33,15,18,20,9,11,55,13,42,856,490,366,560,308,252,27,13,14,9,5,4,25,4,21,499,286,213,404,219,185,6,2,4,11,4,7,30,9,21,357,204,153,21011,7834,13177
110,9933,38951,20877,18074,5252,2762,2490,2716,1421,1295,470,254,216,30096,16682,13414,8855,4195,4660,16224,12406,3818,14400,11388,3012,38,35,3,103,89,14,442,304,138,13817,10960,2857,1824,1018,806,21,9,12,46,42,4,105,38,67,1652,929,723,1720,961,759,21,9,12,46,42,4,88,35,53,1565,875,690,104,57,47,0,0,0,0,0,0,17,3,14,87,54,33,22727,8471,14256
111,6126,26155,14013,12142,3561,1893,1668,5535,2894,2641,790,391,399,18420,10545,7875,7735,3468,4267,10806,8134,2672,9597,7387,2210,31,23,8,72,46,26,233,145,88,9261,7173,2088,1209,747,462,10,4,6,29,15,14,156,77,79,1014,651,363,963,600,363,9,3,6,21,9,12,106,55,51,827,533,294,246,147,99,1,1,0,8,6,2,50,22,28,187,118,69,15349,5879,9470
112,5913,24492,12862,11630,2343,1244,1099,1257,646,611,283,141,142,20596,11036,9560,3896,1826,2070,9495,7405,2090,9191,7178,2013,26,21,5,21,14,7,213,128,85,8931,7015,1916,304,227,77,7,2,5,4,2,2,9,5,4,284,218,66,266,203,63,7,2,5,4,2,2,9,5,4,246,194,52,38,24,14,0,0,0,0,0,0,0,0,0,38,24,14,14997,5457,9540
113,5061,21971,10627,11344,2007,1073,934,884,404,480,194,82,112,18744,9154,9590,3227,1473,1754,8566,6216,2350,7723,5838,1885,35,27,8,49,30,19,331,194,137,7308,5587,1721,843,378,465,14,8,6,2,1,1,97,21,76,730,348,382,808,362,446,14,8,6,2,1,1,93,20,73,699,333,366,35,16,19,0,0,0,0,0,0,4,1,3,31,15,16,13405,4411,8994
114,4281,17964,9497,8467,2104,1130,974,3104,1616,1488,368,203,165,13139,7313,5826,4825,2184,2641,7362,5144,2218,6688,4810,1878,7,5,2,28,15,13,171,74,97,6482,4716,1766,674,334,340,9,6,3,13,4,9,26,10,16,626,314,312,491,283,208,8,6,2,12,4,8,21,9,12,450,264,186,183,51,132,1,0,1,1,0,1,5,1,4,176,50,126,10602,4353,6249
115,3974,16330,8071,8259,1452,747,705,2487,1169,1318,93,47,46,13609,6880,6729,2721,1191,1530,6473,4350,2123,6130,4163,1967,28,26,2,23,17,6,314,147,167,5765,3973,1792,343,187,156,8,2,6,4,4,0,28,11,17,303,170,133,279,151,128,8,2,6,4,4,0,21,6,15,246,139,107,64,36,28,0,0,0,0,0,0,7,5,2,57,31,26,9857,3721,6136
116,3400,15033,7519,7514,1445,736,709,2013,969,1044,158,69,89,12301,6325,5976,2732,1194,1538,5929,4118,1811,5713,4000,1713,18,12,6,13,7,6,270,97,173,5412,3884,1528,216,118,98,6,2,4,3,2,1,9,1,8,198,113,85,179,101,78,6,2,4,3,2,1,4,1,3,166,96,70,37,17,20,0,0,0,0,0,0,5,0,5,32,17,15,9104,3401,5703
117,3624,16021,7961,8060,1202,651,551,553,289,264,54,20,34,14179,7042,7137,1842,919,923,6167,4519,1648,5770,4348,1422,27,18,9,13,9,4,218,118,100,5512,4203,1309,397,171,226,18,9,9,4,1,3,35,10,25,340,151,189,377,160,217,17,9,8,4,1,3,32,10,22,324,140,184,20,11,9,1,0,1,0,0,0,3,0,3,16,11,5,9854,3442,6412
118,4078,18923,9624,9299,2316,1203,1113,6987,3519,3468,89,44,45,12719,6966,5753,6204,2658,3546,7671,5229,2442,6985,4846,2139,55,25,30,21,13,8,252,146,106,6657,4662,1995,686,383,303,21,10,11,8,5,3,37,14,23,620,354,266,633,352,281,21,10,11,8,5,3,33,13,20,571,324,247,53,31,22,0,0,0,0,0,0,4,1,3,49,30,19,11252,4395,6857
119,4992,22201,11354,10847,2090,1091,999,1700,876,824,219,117,102,18769,9683,9086,3432,1671,1761,8283,6357,1926,7935,6162,1773,29,19,10,20,18,2,129,57,72,7757,6068,1689,348,195,153,20,12,8,1,1,0,9,1,8,318,181,137,298,161,137,20,12,8,1,1,0,7,1,6,270,147,123,50,34,16,0,0,0,0,0,0,2,0,2,48,34,14,13918,4997,8921
120,5898,25014,12896,12118,3167,1667,1500,2221,1162,1059,246,128,118,19171,10262,8909,5843,2634,3209,9352,7021,2331,8793,6721,2072,46,27,19,33,20,13,298,146,152,8416,6528,1888,559,300,259,18,9,9,11,6,5,37,12,25,493,273,220,500,259,241,18,9,9,11,6,5,27,8,19,444,236,208,59,41,18,0,0,0,0,0,0,10,4,6,49,37,12,15662,5875,9787
121,9022,34937,17372,17565,3605,1833,1772,3516,1762,1754,293,162,131,29103,14502,14601,5834,2870,2964,13278,9249,4029,12809,8997,3812,41,19,22,44,29,15,158,106,52,12566,8843,3723,469,252,217,19,9,10,1,0,1,11,5,6,438,238,200,388,198,190,19,9,10,1,0,1,6,2,4,362,187,175,81,54,27,0,0,0,0,0,0,5,3,2,76,51,25,21659,8123,13536
122,10258,49363,25670,23693,7352,3799,3553,1782,916,866,197,103,94,36921,19661,17260,12442,6009,6433,16489,13448,3041,15376,12838,2538,43,29,14,48,27,21,293,142,151,14992,12640,2352,1113,610,503,27,15,12,6,3,3,47,22,25,1033,570,463,1004,541,463,27,15,12,6,3,3,30,12,18,941,511,430,109,69,40,0,0,0,0,0,0,17,10,7,92,59,33,32874,12222,20652
123,5875,24791,12677,12114,2497,1330,1167,1770,890,880,209,111,98,20302,10424,9878,4489,2253,2236,9244,6748,2496,8984,6614,2370,41,36,5,28,23,5,126,65,61,8789,6490,2299,260,134,126,8,2,6,3,2,1,5,1,4,244,129,115,212,107,105,8,2,6,2,1,1,3,0,3,199,104,95,48,27,21,0,0,0,1,1,0,2,1,1,45,25,20,15547,5929,9618
124,4675,20316,10220,10096,1947,965,982,2611,1271,1340,145,74,71,16807,8694,8113,3509,1526,1983,7883,5694,2189,7365,5398,1967,40,22,18,13,8,5,217,135,82,7095,5233,1862,518,296,222,16,11,5,2,1,1,25,12,13,475,272,203,480,269,211,16,11,5,2,1,1,22,12,10,440,245,195,38,27,11,0,0,0,0,0,0,3,0,3,35,27,8,12433,4526,7907
125,4922,20700,10397,10303,1750,906,844,3931,1958,1973,156,79,77,17597,8998,8599,3103,1399,1704,7909,5421,2488,7511,5254,2257,16,12,4,20,13,7,357,218,139,7118,5011,2107,398,167,231,11,9,2,3,1,2,33,12,21,351,145,206,333,138,195,9,8,1,3,1,2,25,8,17,296,121,175,65,29,36,2,1,1,0,0,0,8,4,4,55,24,31,12791,4976,7815
126,4236,18853,9442,9411,1925,1009,916,9210,4665,4545,46,19,27,14339,7548,6791,4514,1894,2620,7493,5154,2339,7044,4884,2160,26,14,12,26,19,7,235,135,100,6757,4716,2041,449,270,179,21,6,15,9,5,4,15,4,11,404,255,149,412,247,165,21,6,15,8,5,3,15,4,11,368,232,136,37,23,14,0,0,0,1,0,1,0,0,0,36,23,13,11360,4288,7072
127,6661,25783,13124,12659,2663,1364,1299,1582,794,788,177,99,78,21382,11004,10378,4401,2120,2281,10495,7287,3208,9680,6858,2822,44,34,10,41,29,12,375,226,149,9220,6569,2651,815,429,386,19,10,9,6,3,3,51,17,34,739,399,340,727,392,335,17,9,8,6,3,3,34,15,19,670,365,305,88,37,51,2,1,1,0,0,0,17,2,15,69,34,35,15288,5837,9451
128,9454,36080,18409,17671,3787,1976,1811,1219,630,589,232,121,111,30673,15599,15074,5407,2810,2597,14724,10368,4356,13736,9814,3922,45,32,13,77,55,22,296,172,124,13318,9555,3763,988,554,434,32,17,15,12,9,3,47,20,27,897,508,389,909,515,394,32,17,15,10,8,2,36,17,19,831,473,358,79,39,40,0,0,0,2,1,1,11,3,8,66,35,31,21356,8041,13315
129,11329,44678,23651,21027,5559,2966,2593,3461,1814,1647,452,241,211,35632,19144,16488,9046,4507,4539,18313,13877,4436,17288,13291,3997,191,151,40,164,103,61,423,243,180,16510,12794,3716,1025,586,439,42,28,14,44,18,26,46,15,31,893,525,368,885,503,382,42,28,14,37,17,20,35,11,24,771,447,324,140,83,57,0,0,0,7,1,6,11,4,7,122,78,44,26365,9774,16591
130,6418,25876,13601,12275,3286,1758,1528,1717,900,817,203,96,107,20548,10934,9614,5328,2667,2661,9649,7451,2198,9172,7183,1989,44,38,6,36,23,13,244,147,97,8848,6975,1873,477,268,209,22,16,6,3,2,1,20,8,12,432,242,190,409,234,175,21,15,6,0,0,0,15,6,9,373,213,160,68,34,34,1,1,0,3,2,1,5,2,3,59,29,30,16227,6150,10077
131,5212,20666,10790,9876,2220,1139,1081,1881,987,894,200,112,88,16611,8937,7674,4055,1853,2202,7718,5686,2032,7393,5506,1887,33,25,8,86,63,23,264,135,129,7010,5283,1727,325,180,145,10,3,7,12,4,8,15,3,12,288,170,118,271,150,121,10,3,7,5,1,4,14,2,12,242,144,98,54,30,24,0,0,0,7,3,4,1,1,0,46,26,20,12948,5104,7844
132,6145,26685,13836,12849,2981,1623,1358,4387,2242,2145,314,175,139,21069,11200,9869,5616,2636,2980,9941,7507,2434,9375,7163,2212,26,21,5,30,25,5,325,221,104,8994,6896,2098,566,344,222,14,10,4,3,1,2,65,35,30,484,298,186,518,314,204,14,10,4,3,1,2,62,35,27,439,268,171,48,30,18,0,0,0,0,0,0,3,0,3,45,30,15,16744,6329,10415
133,5711,23888,12745,11143,3128,1672,1456,2578,1343,1235,361,189,172,18524,10139,8385,5364,2606,2758,8827,6938,1889,8349,6675,1674,43,36,7,37,23,14,306,186,120,7963,6430,1533,478,263,215,14,5,9,5,2,3,38,12,26,421,244,177,422,227,195,14,5,9,5,2,3,32,10,22,371,210,161,56,36,20,0,0,0,0,0,0,6,2,4,50,34,16,15061,5807,9254
134,5953,25148,13034,12114,2570,1387,1183,1783,904,879,161,81,80,20984,10997,9987,4164,2037,2127,9327,7138,2189,8908,6933,1975,40,29,11,52,36,16,290,169,121,8526,6699,1827,419,205,214,18,9,9,5,2,3,43,12,31,353,182,171,352,169,183,17,9,8,5,2,3,34,11,23,296,147,149,67,36,31,1,0,1,0,0,0,9,1,8,57,35,22,15821,5896,9925
135,3765,15030,7757,7273,1335,729,606,1107,573,534,95,45,50,13113,6784,6329,1917,973,944,5457,4167,1290,5270,4045,1225,7,6,1,20,17,3,97,43,54,5146,3979,1167,187,122,65,5,2,3,2,2,0,7,1,6,173,117,56,174,116,58,5,2,3,2,2,0,5,1,4,162,111,51,13,6,7,0,0,0,0,0,0,2,0,2,11,6,5,9573,3590,5983
136,4808,19916,10335,9581,1830,998,832,1023,504,519,50,29,21,17031,8894,8137,2885,1441,1444,7357,5741,1616,7076,5597,1479,29,24,5,23,16,7,196,98,98,6828,5459,1369,281,144,137,8,3,5,2,1,1,22,5,17,249,135,114,252,135,117,8,3,5,2,1,1,12,3,9,230,128,102,29,9,20,0,0,0,0,0,0,10,2,8,19,7,12,12559,4594,7965
137,7464,31390,16204,15186,3860,1999,1861,5237,2678,2559,255,147,108,24033,12906,11127,7357,3298,4059,12807,9148,3659,11913,8628,3285,40,25,15,38,23,15,310,168,142,11525,8412,3113,894,520,374,22,10,12,14,7,7,45,16,29,813,487,326,732,416,316,18,9,9,11,5,6,37,14,23,666,388,278,162,104,58,4,1,3,3,2,1,8,2,6,147,99,48,18583,7056,11527
138,4064,16457,8418,8039,1522,822,700,1389,708,681,113,55,58,14051,7322,6729,2406,1096,1310,6328,4662,1666,6103,4547,1556,22,13,9,17,14,3,203,115,88,5861,4405,1456,225,115,110,6,1,5,1,0,1,21,6,15,197,108,89,191,99,92,6,1,5,1,0,1,17,5,12,167,93,74,34,16,18,0,0,0,0,0,0,4,1,3,30,15,15,10129,3756,6373
139,7860,35527,18605,16922,5297,2763,2534,11068,5675,5393,443,241,202,24065,13503,10562,11462,5102,6360,13432,10391,3041,12644,9955,2689,25,14,11,47,38,9,348,150,198,12224,9753,2471,788,436,352,18,8,10,10,9,1,34,8,26,726,411,315,676,381,295,14,6,8,9,8,1,26,8,18,627,359,268,112,55,57,4,2,2,1,1,0,8,0,8,99,52,47,22095,8214,13881
140,10236,45476,24182,21294,6911,3580,3331,7231,3718,3513,670,351,319,32833,18377,14456,12643,5805,6838,16088,13085,3003,15245,12594,2651,80,60,20,188,151,37,337,207,130,14640,12176,2464,843,491,352,20,8,12,16,12,4,58,23,35,749,448,301,683,412,271,19,8,11,11,7,4,43,20,23,610,377,233,160,79,81,1,0,1,5,5,0,15,3,12,139,71,68,29388,11097,18291
141,9712,41214,21539,19675,5514,2922,2592,4722,2442,2280,964,472,492,31936,17269,14667,9278,4270,5008,14752,12010,2742,14171,11664,2507,74,68,6,34,28,6,284,127,157,13779,11441,2338,581,346,235,7,5,2,7,4,3,41,5,36,526,332,194,539,327,212,7,5,2,7,4,3,37,4,33,488,314,174,42,19,23,0,0,0,0,0,0,4,1,3,38,18,20,26462,9529,16933
142,4113,17067,8821,8246,1806,963,843,1341,663,678,109,55,54,14240,7535,6705,2827,1286,1541,6183,4826,1357,6004,4716,1288,113,95,18,13,7,6,193,102,91,5685,4512,1173,179,110,69,7,6,1,2,2,0,10,4,6,160,98,62,163,100,63,7,6,1,2,2,0,6,1,5,148,91,57,16,10,6,0,0,0,0,0,0,4,3,1,12,7,5,10884,3995,6889
143,10168,40938,21214,19724,4343,2306,2037,2561,1305,1256,435,213,222,34601,18189,16412,6337,3025,3312,14165,10830,3335,13721,10611,3110,51,40,11,36,27,9,276,147,129,13358,10397,2961,444,219,225,10,7,3,4,3,1,29,8,21,401,201,200,366,171,195,10,7,3,4,3,1,21,6,15,331,155,176,78,48,30,0,0,0,0,0,0,8,2,6,70,46,24,26773,10384,16389
144,6307,26762,14135,12627,3742,2028,1714,2619,1342,1277,375,197,178,21025,11436,9589,5737,2699,3038,9933,8100,1833,9238,7798,1440,51,43,8,41,35,6,266,166,100,8880,7554,1326,695,302,393,11,7,4,25,14,11,59,27,32,600,254,346,616,251,365,11,7,4,25,14,11,29,11,18,551,219,332,79,51,28,0,0,0,0,0,0,30,16,14,49,35,14,16829,6035,10794
